231170.0,193222.0,13562.0,23678.0,91938.0,0.39770731496301426,0.044944,16,8,128,50,1,3.2635562419891357,19.43045926094055
52218.0,32766.0,6074.0,12670.0,13794.0,0.2641617832931173,0.006288,16,6,64,50,1,1.9207942485809326,16.07903742790222
52218.0,32766.0,6074.0,12670.0,13794.0,0.2641617832931173,0.006288,16,6,64,50,5,4.14405632019043,11.536754369735718
52218.0,32766.0,6074.0,12670.0,13794.0,0.2641617832931173,0.006288,16,6,64,50,10,7.319818735122681,11.157389163970947
52218.0,32766.0,6074.0,12670.0,13794.0,0.2641617832931173,0.006288,16,6,64,50,16,13.20697808265686,11.63228178024292
52218.0,32766.0,6074.0,12670.0,13794.0,0.2641617832931173,0.006288,16,6,64,50,20,20.18575930595398,11.357279300689697
52218.0,32766.0,6074.0,12670.0,13794.0,0.2641617832931173,0.006288,16,6,64,50,25,18.03748869895935,11.301962852478027
144842.0,100238.0,12442.0,30750.0,43010.0,0.2969442565001864,0.020128,32,6,64,50,1,1.978060007095337,16.638736486434937
144842.0,100238.0,12442.0,30750.0,43010.0,0.2969442565001864,0.020128,32,6,64,50,5,3.958545207977295,12.41364574432373
144842.0,100238.0,12442.0,30750.0,43010.0,0.2969442565001864,0.020128,32,6,64,50,10,6.743290662765503,11.796603679656982
144842.0,100238.0,12442.0,30750.0,43010.0,0.2969442565001864,0.020128,32,6,64,50,16,11.914350748062134,11.817009687423706
144842.0,100238.0,12442.0,30750.0,43010.0,0.2969442565001864,0.020128,32,6,64,50,20,18.648519277572632,11.682315587997437
144842.0,100238.0,12442.0,30750.0,43010.0,0.2969442565001864,0.020128,32,6,64,50,25,16.78291368484497,11.776493787765503
483690.0,358062.0,31322.0,91486.0,155202.0,0.3208708056813248,0.07392,64,6,64,50,1,2.025871992111206,16.491100788116455
483690.0,358062.0,31322.0,91486.0,155202.0,0.3208708056813248,0.07392,64,6,64,50,5,4.201173782348633,12.20039963722229
483690.0,358062.0,31322.0,91486.0,155202.0,0.3208708056813248,0.07392,64,6,64,50,10,6.487553119659424,11.630359411239624
483690.0,358062.0,31322.0,91486.0,155202.0,0.3208708056813248,0.07392,64,6,64,50,16,11.932522773742676,11.643533945083618
483690.0,358062.0,31322.0,91486.0,155202.0,0.3208708056813248,0.07392,64,6,64,50,20,18.649418115615845,11.6904935836792
483690.0,358062.0,31322.0,91486.0,155202.0,0.3208708056813248,0.07392,64,6,64,50,25,16.937525510787964,11.619969844818115
56258.0,35398.0,6650.0,13502.0,14946.0,0.2656688826478012,0.006832,16,8,64,50,1,2.1910760402679443,19.83946418762207
56258.0,35398.0,6650.0,13502.0,14946.0,0.2656688826478012,0.006832,16,8,64,50,5,5.305982828140259,14.124214887619019
56258.0,35398.0,6650.0,13502.0,14946.0,0.2656688826478012,0.006832,16,8,64,50,10,8.32205843925476,13.623502254486084
56258.0,35398.0,6650.0,13502.0,14946.0,0.2656688826478012,0.006832,16,8,64,50,16,15.187387228012085,13.56963849067688
56258.0,35398.0,6650.0,13502.0,14946.0,0.2656688826478012,0.006832,16,8,64,50,20,24.229532957077026,13.773732662200928
56258.0,35398.0,6650.0,13502.0,14946.0,0.2656688826478012,0.006832,16,8,64,50,25,22.557230710983276,13.51679015159607
148882.0,102870.0,13018.0,31582.0,44162.0,0.29662417216318965,0.020672,32,8,64,50,1,2.148054361343384,20.20626974105835
148882.0,102870.0,13018.0,31582.0,44162.0,0.29662417216318965,0.020672,32,8,64,50,5,4.833031177520752,14.922243356704712
148882.0,102870.0,13018.0,31582.0,44162.0,0.29662417216318965,0.020672,32,8,64,50,10,7.9817726612091064,14.197186946868896
148882.0,102870.0,13018.0,31582.0,44162.0,0.29662417216318965,0.020672,32,8,64,50,16,14.451343297958374,14.079021692276001
148882.0,102870.0,13018.0,31582.0,44162.0,0.29662417216318965,0.020672,32,8,64,50,20,23.149258852005005,14.175253868103027
148882.0,102870.0,13018.0,31582.0,44162.0,0.29662417216318965,0.020672,32,8,64,50,25,20.589207410812378,14.025566101074219
487730.0,360694.0,31898.0,92318.0,156354.0,0.3205749082484161,0.074464,64,8,64,50,1,2.8915889263153076,20.080092191696167
487730.0,360694.0,31898.0,92318.0,156354.0,0.3205749082484161,0.074464,64,8,64,50,5,4.846264123916626,14.812156915664673
487730.0,360694.0,31898.0,92318.0,156354.0,0.3205749082484161,0.074464,64,8,64,50,10,7.867917537689209,14.074193000793457
487730.0,360694.0,31898.0,92318.0,156354.0,0.3205749082484161,0.074464,64,8,64,50,16,14.6443452835083,14.00281047821045
487730.0,360694.0,31898.0,92318.0,156354.0,0.3205749082484161,0.074464,64,8,64,50,20,22.803793907165527,14.361807346343994
487730.0,360694.0,31898.0,92318.0,156354.0,0.3205749082484161,0.074464,64,8,64,50,25,21.368873834609985,14.00326943397522
60298.0,38030.0,7226.0,14334.0,16098.0,0.2669740289893529,0.007376,16,10,64,50,1,2.60145902633667,23.203428268432617
60298.0,38030.0,7226.0,14334.0,16098.0,0.2669740289893529,0.007376,16,10,64,50,5,5.817002058029175,16.549750328063965
60298.0,38030.0,7226.0,14334.0,16098.0,0.2669740289893529,0.007376,16,10,64,50,10,9.92249321937561,15.960301637649536
60298.0,38030.0,7226.0,14334.0,16098.0,0.2669740289893529,0.007376,16,10,64,50,16,18.12157678604126,16.021411895751953
60298.0,38030.0,7226.0,14334.0,16098.0,0.2669740289893529,0.007376,16,10,64,50,20,28.70465397834778,16.14157009124756
60298.0,38030.0,7226.0,14334.0,16098.0,0.2669740289893529,0.007376,16,10,64,50,25,25.515312671661377,15.945968389511108
152922.0,105502.0,13594.0,32414.0,45314.0,0.29632100024849267,0.021216,32,10,64,50,1,2.45456600189209,23.62560510635376
152922.0,105502.0,13594.0,32414.0,45314.0,0.29632100024849267,0.021216,32,10,64,50,5,5.6517555713653564,17.561615228652954
152922.0,105502.0,13594.0,32414.0,45314.0,0.29632100024849267,0.021216,32,10,64,50,10,10.416709899902344,16.604738235473633
152922.0,105502.0,13594.0,32414.0,45314.0,0.29632100024849267,0.021216,32,10,64,50,16,16.584000825881958,16.527079105377197
152922.0,105502.0,13594.0,32414.0,45314.0,0.29632100024849267,0.021216,32,10,64,50,20,27.44860553741455,16.572221279144287
152922.0,105502.0,13594.0,32414.0,45314.0,0.29632100024849267,0.021216,32,10,64,50,25,24.142712831497192,16.37164306640625
491770.0,363326.0,32474.0,93150.0,157506.0,0.320283872542042,0.075008,64,10,64,50,1,2.533446788787842,23.63282608985901
491770.0,363326.0,32474.0,93150.0,157506.0,0.320283872542042,0.075008,64,10,64,50,5,5.5508623123168945,17.351186513900757
491770.0,363326.0,32474.0,93150.0,157506.0,0.320283872542042,0.075008,64,10,64,50,10,10.704147577285767,16.70259428024292
491770.0,363326.0,32474.0,93150.0,157506.0,0.320283872542042,0.075008,64,10,64,50,16,16.698091506958008,16.957489728927612
491770.0,363326.0,32474.0,93150.0,157506.0,0.320283872542042,0.075008,64,10,64,50,20,27.34932231903076,17.228790044784546
491770.0,363326.0,32474.0,93150.0,157506.0,0.320283872542042,0.075008,64,10,64,50,25,25.751936435699463,16.38571333885193
64338.0,40662.0,7802.0,15166.0,17250.0,0.26811526625011656,0.00792,16,12,64,50,1,2.918771505355835,26.83708643913269
64338.0,40662.0,7802.0,15166.0,17250.0,0.26811526625011656,0.00792,16,12,64,50,5,6.665822267532349,19.28041386604309
64338.0,40662.0,7802.0,15166.0,17250.0,0.26811526625011656,0.00792,16,12,64,50,10,11.523404359817505,18.49973464012146
64338.0,40662.0,7802.0,15166.0,17250.0,0.26811526625011656,0.00792,16,12,64,50,16,21.584612131118774,18.4173526763916
64338.0,40662.0,7802.0,15166.0,17250.0,0.26811526625011656,0.00792,16,12,64,50,20,32.40756034851074,18.546098470687866
64338.0,40662.0,7802.0,15166.0,17250.0,0.26811526625011656,0.00792,16,12,64,50,25,31.581445455551147,18.370623350143433
156962.0,108134.0,14170.0,33246.0,46466.0,0.2960334348441024,0.02176,32,12,64,50,1,2.906418800354004,27.22029161453247
156962.0,108134.0,14170.0,33246.0,46466.0,0.2960334348441024,0.02176,32,12,64,50,5,6.571676731109619,20.24870491027832
156962.0,108134.0,14170.0,33246.0,46466.0,0.2960334348441024,0.02176,32,12,64,50,10,10.897132158279419,19.175847053527832
156962.0,108134.0,14170.0,33246.0,46466.0,0.2960334348441024,0.02176,32,12,64,50,16,19.778337717056274,18.96294617652893
156962.0,108134.0,14170.0,33246.0,46466.0,0.2960334348441024,0.02176,32,12,64,50,20,32.87319803237915,18.973802089691162
156962.0,108134.0,14170.0,33246.0,46466.0,0.2960334348441024,0.02176,32,12,64,50,25,28.67129898071289,18.83153247833252
495810.0,365958.0,33050.0,93982.0,158658.0,0.31999757971803716,0.075552,64,12,64,50,1,2.975705623626709,27.0647189617157
495810.0,365958.0,33050.0,93982.0,158658.0,0.31999757971803716,0.075552,64,12,64,50,5,6.6139233112335205,20.03171730041504
495810.0,365958.0,33050.0,93982.0,158658.0,0.31999757971803716,0.075552,64,12,64,50,10,10.954334497451782,18.989687204360962
495810.0,365958.0,33050.0,93982.0,158658.0,0.31999757971803716,0.075552,64,12,64,50,16,20.998879194259644,18.90739607810974
495810.0,365958.0,33050.0,93982.0,158658.0,0.31999757971803716,0.075552,64,12,64,50,20,31.04429030418396,18.828803777694702
495810.0,365958.0,33050.0,93982.0,158658.0,0.31999757971803716,0.075552,64,12,64,50,25,28.65216088294983,18.878642559051514
90106.0,66366.0,7802.0,15230.0,30114.0,0.3342063791534415,0.014352,16,6,64,50,1,2.0257372856140137,16.502087116241455
90106.0,66366.0,7802.0,15230.0,30114.0,0.3342063791534415,0.014352,16,6,64,50,5,6.120322942733765,11.849045515060425
90106.0,66366.0,7802.0,15230.0,30114.0,0.3342063791534415,0.014352,16,6,64,50,10,7.353998184204102,11.403514623641968
90106.0,66366.0,7802.0,15230.0,30114.0,0.3342063791534415,0.014352,16,6,64,50,16,12.988641738891602,11.325363159179688
90106.0,66366.0,7802.0,15230.0,30114.0,0.3342063791534415,0.014352,16,6,64,50,20,19.899510383605957,11.407558679580688
90106.0,66366.0,7802.0,15230.0,30114.0,0.3342063791534415,0.014352,16,6,64,50,25,18.094377279281616,11.214814901351929
234954.0,186062.0,14170.0,33310.0,85442.0,0.36365416209130297,0.041248,32,6,64,50,1,1.9461042881011963,16.246750593185425
234954.0,186062.0,14170.0,33310.0,85442.0,0.36365416209130297,0.041248,32,6,64,50,5,4.019202709197998,12.316855430603027
234954.0,186062.0,14170.0,33310.0,85442.0,0.36365416209130297,0.041248,32,6,64,50,10,6.737563133239746,11.418418169021606
234954.0,186062.0,14170.0,33310.0,85442.0,0.36365416209130297,0.041248,32,6,64,50,16,13.851870059967041,11.30501389503479
234954.0,186062.0,14170.0,33310.0,85442.0,0.36365416209130297,0.041248,32,6,64,50,20,18.952491521835327,11.474466800689697
234954.0,186062.0,14170.0,33310.0,85442.0,0.36365416209130297,0.041248,32,6,64,50,25,17.28096866607666,11.274477481842041
776554.0,646638.0,33050.0,94046.0,299010.0,0.385047272952042,0.145728,64,6,64,50,1,1.9000506401062012,16.597089529037476
776554.0,646638.0,33050.0,94046.0,299010.0,0.385047272952042,0.145728,64,6,64,50,5,4.0753796100616455,12.188207626342773
776554.0,646638.0,33050.0,94046.0,299010.0,0.385047272952042,0.145728,64,6,64,50,10,7.043014764785767,11.740799903869629
776554.0,646638.0,33050.0,94046.0,299010.0,0.385047272952042,0.145728,64,6,64,50,16,12.000917434692383,11.614572763442993
776554.0,646638.0,33050.0,94046.0,299010.0,0.385047272952042,0.145728,64,6,64,50,20,18.97286581993103,11.695903062820435
776554.0,646638.0,33050.0,94046.0,299010.0,0.385047272952042,0.145728,64,6,64,50,25,19.1240656375885,11.602206707000732
102274.0,75718.0,8954.0,16894.0,34466.0,0.3369966951522381,0.016464,16,8,64,50,1,2.3213956356048584,20.105934381484985
102274.0,75718.0,8954.0,16894.0,34466.0,0.3369966951522381,0.016464,16,8,64,50,5,5.143595218658447,14.274405479431152
102274.0,75718.0,8954.0,16894.0,34466.0,0.3369966951522381,0.016464,16,8,64,50,10,8.734398365020752,13.724039793014526
102274.0,75718.0,8954.0,16894.0,34466.0,0.3369966951522381,0.016464,16,8,64,50,16,15.216852903366089,13.64272665977478
102274.0,75718.0,8954.0,16894.0,34466.0,0.3369966951522381,0.016464,16,8,64,50,20,24.373236894607544,13.805611371994019
102274.0,75718.0,8954.0,16894.0,34466.0,0.3369966951522381,0.016464,16,8,64,50,25,22.273950815200806,13.508740663528442
247122.0,195414.0,15322.0,34974.0,89794.0,0.3633589886776572,0.04336,32,8,64,50,1,2.301011085510254,19.81369400024414
247122.0,195414.0,15322.0,34974.0,89794.0,0.3633589886776572,0.04336,32,8,64,50,5,4.91739559173584,14.141529560089111
247122.0,195414.0,15322.0,34974.0,89794.0,0.3633589886776572,0.04336,32,8,64,50,10,10.451329708099365,13.769632577896118
247122.0,195414.0,15322.0,34974.0,89794.0,0.3633589886776572,0.04336,32,8,64,50,16,14.389890670776367,13.6302490234375
247122.0,195414.0,15322.0,34974.0,89794.0,0.3633589886776572,0.04336,32,8,64,50,20,23.269181728363037,13.855049848556519
247122.0,195414.0,15322.0,34974.0,89794.0,0.3633589886776572,0.04336,32,8,64,50,25,21.04857587814331,13.584123849868774
788722.0,655990.0,34202.0,95710.0,303362.0,0.38462474737613506,0.14784,64,8,64,50,1,2.219768762588501,20.102264165878296
788722.0,655990.0,34202.0,95710.0,303362.0,0.38462474737613506,0.14784,64,8,64,50,5,4.897983074188232,14.77421522140503
788722.0,655990.0,34202.0,95710.0,303362.0,0.38462474737613506,0.14784,64,8,64,50,10,8.44561219215393,14.176223516464233
788722.0,655990.0,34202.0,95710.0,303362.0,0.38462474737613506,0.14784,64,8,64,50,16,14.900809526443481,14.076368808746338
788722.0,655990.0,34202.0,95710.0,303362.0,0.38462474737613506,0.14784,64,8,64,50,20,25.509865760803223,14.034580707550049
788722.0,655990.0,34202.0,95710.0,303362.0,0.38462474737613506,0.14784,64,8,64,50,25,21.104161977767944,13.909582138061523
114442.0,85070.0,10106.0,18558.0,38818.0,0.33919365267996016,0.018576,16,10,64,50,1,2.6139028072357178,23.379822492599487
114442.0,85070.0,10106.0,18558.0,38818.0,0.33919365267996016,0.018576,16,10,64,50,5,6.142266273498535,16.578503370285034
114442.0,85070.0,10106.0,18558.0,38818.0,0.33919365267996016,0.018576,16,10,64,50,10,10.33814263343811,15.948731899261475
114442.0,85070.0,10106.0,18558.0,38818.0,0.33919365267996016,0.018576,16,10,64,50,16,18.022696256637573,16.065820932388306
114442.0,85070.0,10106.0,18558.0,38818.0,0.33919365267996016,0.018576,16,10,64,50,20,29.021084785461426,16.252349138259888
114442.0,85070.0,10106.0,18558.0,38818.0,0.33919365267996016,0.018576,16,10,64,50,25,28.966437816619873,15.830702781677246
259290.0,204766.0,16474.0,36638.0,94146.0,0.36309151914844384,0.045472,32,10,64,50,1,2.6223127841949463,23.3863205909729
259290.0,204766.0,16474.0,36638.0,94146.0,0.36309151914844384,0.045472,32,10,64,50,5,5.94975733757019,16.606693029403687
259290.0,204766.0,16474.0,36638.0,94146.0,0.36309151914844384,0.045472,32,10,64,50,10,10.028753280639648,16.205938577651978
259290.0,204766.0,16474.0,36638.0,94146.0,0.36309151914844384,0.045472,32,10,64,50,16,17.63605284690857,16.167806386947632
259290.0,204766.0,16474.0,36638.0,94146.0,0.36309151914844384,0.045472,32,10,64,50,20,27.562333822250366,16.182657480239868
259290.0,204766.0,16474.0,36638.0,94146.0,0.36309151914844384,0.045472,32,10,64,50,25,25.082271575927734,15.884960651397705
800890.0,665342.0,35354.0,97374.0,307714.0,0.3842150607449213,0.149952,64,10,64,50,1,2.662240505218506,23.470902681350708
800890.0,665342.0,35354.0,97374.0,307714.0,0.3842150607449213,0.149952,64,10,64,50,5,5.821563243865967,17.264864444732666
800890.0,665342.0,35354.0,97374.0,307714.0,0.3842150607449213,0.149952,64,10,64,50,10,9.97683048248291,16.532259702682495
800890.0,665342.0,35354.0,97374.0,307714.0,0.3842150607449213,0.149952,64,10,64,50,16,20.114224910736084,16.36823272705078
800890.0,665342.0,35354.0,97374.0,307714.0,0.3842150607449213,0.149952,64,10,64,50,20,27.52157235145569,16.45610475540161
800890.0,665342.0,35354.0,97374.0,307714.0,0.3842150607449213,0.149952,64,10,64,50,25,25.377849578857422,16.330573081970215
126610.0,94422.0,11258.0,20222.0,43170.0,0.340968327936182,0.020688,16,12,64,50,1,2.9851913452148438,26.842477083206177
126610.0,94422.0,11258.0,20222.0,43170.0,0.340968327936182,0.020688,16,12,64,50,5,6.804569482803345,19.02597975730896
126610.0,94422.0,11258.0,20222.0,43170.0,0.340968327936182,0.020688,16,12,64,50,10,11.662170648574829,18.304174423217773
126610.0,94422.0,11258.0,20222.0,43170.0,0.340968327936182,0.020688,16,12,64,50,16,21.012327432632446,18.34131693840027
126610.0,94422.0,11258.0,20222.0,43170.0,0.340968327936182,0.020688,16,12,64,50,20,36.50506663322449,18.549211502075195
126610.0,94422.0,11258.0,20222.0,43170.0,0.340968327936182,0.020688,16,12,64,50,25,30.529741525650024,18.146881818771362
271458.0,214118.0,17626.0,38302.0,98498.0,0.3628480280559055,0.047584,32,12,64,50,1,2.985098123550415,26.782301664352417
271458.0,214118.0,17626.0,38302.0,98498.0,0.3628480280559055,0.047584,32,12,64,50,5,6.901360511779785,19.30130958557129
271458.0,214118.0,17626.0,38302.0,98498.0,0.3628480280559055,0.047584,32,12,64,50,10,11.257029294967651,18.434693574905396
271458.0,214118.0,17626.0,38302.0,98498.0,0.3628480280559055,0.047584,32,12,64,50,16,20.076637983322144,18.27739644050598
271458.0,214118.0,17626.0,38302.0,98498.0,0.3628480280559055,0.047584,32,12,64,50,20,32.1925790309906,18.599446058273315
271458.0,214118.0,17626.0,38302.0,98498.0,0.3628480280559055,0.047584,32,12,64,50,25,29.802754402160645,18.219183921813965
813058.0,674694.0,36506.0,99038.0,312066.0,0.38381763662616936,0.152064,64,12,64,50,1,3.0475962162017822,27.083617448806763
813058.0,674694.0,36506.0,99038.0,312066.0,0.38381763662616936,0.152064,64,12,64,50,5,9.94070029258728,19.930596590042114
813058.0,674694.0,36506.0,99038.0,312066.0,0.38381763662616936,0.152064,64,12,64,50,10,11.194005727767944,18.91007351875305
813058.0,674694.0,36506.0,99038.0,312066.0,0.38381763662616936,0.152064,64,12,64,50,16,20.135245084762573,18.735020399093628
813058.0,674694.0,36506.0,99038.0,312066.0,0.38381763662616936,0.152064,64,12,64,50,20,32.38530945777893,18.85528039932251
813058.0,674694.0,36506.0,99038.0,312066.0,0.38381763662616936,0.152064,64,12,64,50,25,29.517319202423096,18.59084415435791
190458.0,158142.0,11258.0,20350.0,75042.0,0.39400812777620264,0.036624,16,6,64,50,1,2.0318405628204346,16.62975549697876
190458.0,158142.0,11258.0,20350.0,75042.0,0.39400812777620264,0.036624,16,6,64,50,5,4.393292665481567,11.915152549743652
190458.0,158142.0,11258.0,20350.0,75042.0,0.39400812777620264,0.036624,16,6,64,50,10,7.586304664611816,11.435665845870972
190458.0,158142.0,11258.0,20350.0,75042.0,0.39400812777620264,0.036624,16,6,64,50,16,12.968204498291016,11.49571704864502
190458.0,158142.0,11258.0,20350.0,75042.0,0.39400812777620264,0.036624,16,6,64,50,20,20.529057264328003,11.659837007522583
190458.0,158142.0,11258.0,20350.0,75042.0,0.39400812777620264,0.036624,16,6,64,50,25,21.716910123825073,11.32113003730774
439754.0,382286.0,17626.0,38430.0,182594.0,0.41521850852976894,0.089632,32,6,64,50,1,1.981053352355957,16.761181831359863
439754.0,382286.0,17626.0,38430.0,182594.0,0.41521850852976894,0.089632,32,6,64,50,5,4.14457893371582,12.016393661499023
439754.0,382286.0,17626.0,38430.0,182594.0,0.41521850852976894,0.089632,32,6,64,50,10,6.797739028930664,11.705399513244629
439754.0,382286.0,17626.0,38430.0,182594.0,0.41521850852976894,0.089632,32,6,64,50,16,12.186830520629883,11.4791259765625
439754.0,382286.0,17626.0,38430.0,182594.0,0.41521850852976894,0.089632,32,6,64,50,20,19.072859287261963,11.543771266937256
439754.0,382286.0,17626.0,38430.0,182594.0,0.41521850852976894,0.089632,32,6,64,50,25,17.337238550186157,11.275508165359497
1386858.0,1248366.0,36506.0,99166.0,598914.0,0.4318495476826034,0.295488,64,6,64,50,1,1.8847391605377197,16.59386396408081
1386858.0,1248366.0,36506.0,99166.0,598914.0,0.4318495476826034,0.295488,64,6,64,50,5,4.062283515930176,12.335089683532715
1386858.0,1248366.0,36506.0,99166.0,598914.0,0.4318495476826034,0.295488,64,6,64,50,10,6.653209209442139,11.646767616271973
1386858.0,1248366.0,36506.0,99166.0,598914.0,0.4318495476826034,0.295488,64,6,64,50,16,11.76432728767395,11.477121114730835
1386858.0,1248366.0,36506.0,99166.0,598914.0,0.4318495476826034,0.295488,64,6,64,50,20,18.568511962890625,11.54867696762085
1386858.0,1248366.0,36506.0,99166.0,598914.0,0.4318495476826034,0.295488,64,6,64,50,25,16.792392253875732,11.786662817001343
231170.0,193222.0,13562.0,23678.0,91938.0,0.39770731496301426,0.044944,16,8,64,50,1,2.256646156311035,20.444663047790527
231170.0,193222.0,13562.0,23678.0,91938.0,0.39770731496301426,0.044944,16,8,64,50,5,5.176714181900024,14.41062307357788
231170.0,193222.0,13562.0,23678.0,91938.0,0.39770731496301426,0.044944,16,8,64,50,10,8.757820129394531,13.883049011230469
231170.0,193222.0,13562.0,23678.0,91938.0,0.39770731496301426,0.044944,16,8,64,50,16,19.73036241531372,14.097873210906982
231170.0,193222.0,13562.0,23678.0,91938.0,0.39770731496301426,0.044944,16,8,64,50,20,25.256141662597656,14.148787021636963
231170.0,193222.0,13562.0,23678.0,91938.0,0.39770731496301426,0.044944,16,8,64,50,25,22.629197359085083,13.797591209411621
480466.0,417366.0,19930.0,41758.0,199490.0,0.4152010756224166,0.097952,32,8,64,50,1,2.1846673488616943,20.572949171066284
480466.0,417366.0,19930.0,41758.0,199490.0,0.4152010756224166,0.097952,32,8,64,50,5,5.126817464828491,14.43095326423645
480466.0,417366.0,19930.0,41758.0,199490.0,0.4152010756224166,0.097952,32,8,64,50,10,8.397094011306763,14.027056694030762
480466.0,417366.0,19930.0,41758.0,199490.0,0.4152010756224166,0.097952,32,8,64,50,16,14.544423341751099,13.970346212387085
480466.0,417366.0,19930.0,41758.0,199490.0,0.4152010756224166,0.097952,32,8,64,50,20,23.59443688392639,14.208811521530151
480466.0,417366.0,19930.0,41758.0,199490.0,0.4152010756224166,0.097952,32,8,64,50,25,21.339691400527954,13.86651611328125
1427570.0,1283446.0,38810.0,102494.0,615810.0,0.4313693899423496,0.303808,64,8,64,50,1,2.3094778060913086,20.326685905456543
1427570.0,1283446.0,38810.0,102494.0,615810.0,0.4313693899423496,0.303808,64,8,64,50,5,4.887004852294922,15.244404554367065
1427570.0,1283446.0,38810.0,102494.0,615810.0,0.4313693899423496,0.303808,64,8,64,50,10,8.236298084259033,14.297383069992065
1427570.0,1283446.0,38810.0,102494.0,615810.0,0.4313693899423496,0.303808,64,8,64,50,16,14.236841917037964,14.065069437026978
1427570.0,1283446.0,38810.0,102494.0,615810.0,0.4313693899423496,0.303808,64,8,64,50,20,27.218754291534424,14.233970165252686
1427570.0,1283446.0,38810.0,102494.0,615810.0,0.4313693899423496,0.303808,64,8,64,50,25,20.901427268981934,14.2122220993042
271882.0,228302.0,15866.0,27006.0,108834.0,0.40029865897705624,0.053264,16,10,64,50,1,2.7251718044281006,24.151692390441895
271882.0,228302.0,15866.0,27006.0,108834.0,0.40029865897705624,0.053264,16,10,64,50,5,6.723345756530762,16.96125340461731
271882.0,228302.0,15866.0,27006.0,108834.0,0.40029865897705624,0.053264,16,10,64,50,10,10.516318082809448,16.35286784172058
271882.0,228302.0,15866.0,27006.0,108834.0,0.40029865897705624,0.053264,16,10,64,50,16,18.055752992630005,16.52665877342224
271882.0,228302.0,15866.0,27006.0,108834.0,0.40029865897705624,0.053264,16,10,64,50,20,29.26988196372986,16.537747144699097
271882.0,228302.0,15866.0,27006.0,108834.0,0.40029865897705624,0.053264,16,10,64,50,25,26.837483406066895,16.192225217819214
521178.0,452446.0,22234.0,45086.0,216386.0,0.415186366270257,0.106272,32,10,64,50,1,2.676940679550171,24.086791515350342
521178.0,452446.0,22234.0,45086.0,216386.0,0.415186366270257,0.106272,32,10,64,50,5,5.91876482963562,16.941112518310547
521178.0,452446.0,22234.0,45086.0,216386.0,0.415186366270257,0.106272,32,10,64,50,10,9.944244384765625,16.38177800178528
521178.0,452446.0,22234.0,45086.0,216386.0,0.415186366270257,0.106272,32,10,64,50,16,17.48045587539673,16.639573574066162
521178.0,452446.0,22234.0,45086.0,216386.0,0.415186366270257,0.106272,32,10,64,50,20,27.758766651153564,16.51687455177307
521178.0,452446.0,22234.0,45086.0,216386.0,0.415186366270257,0.106272,32,10,64,50,25,30.032588243484497,16.100342750549316
1468282.0,1318526.0,41114.0,105822.0,632706.0,0.4309158594874827,0.312128,64,10,64,50,1,2.5878922939300537,23.785277843475342
1468282.0,1318526.0,41114.0,105822.0,632706.0,0.4309158594874827,0.312128,64,10,64,50,5,5.820627927780151,17.90255379676819
1468282.0,1318526.0,41114.0,105822.0,632706.0,0.4309158594874827,0.312128,64,10,64,50,10,9.68657636642456,16.706918001174927
1468282.0,1318526.0,41114.0,105822.0,632706.0,0.4309158594874827,0.312128,64,10,64,50,16,17.048004627227783,16.637751579284668
1468282.0,1318526.0,41114.0,105822.0,632706.0,0.4309158594874827,0.312128,64,10,64,50,20,27.341437101364136,16.62208914756775
1468282.0,1318526.0,41114.0,105822.0,632706.0,0.4309158594874827,0.312128,64,10,64,50,25,24.69484519958496,16.57935667037964
312594.0,263382.0,18170.0,30334.0,125730.0,0.40221501372387186,0.061584,16,12,64,50,1,3.010826826095581,27.55139946937561
312594.0,263382.0,18170.0,30334.0,125730.0,0.40221501372387186,0.061584,16,12,64,50,5,6.866355657577515,19.560093879699707
312594.0,263382.0,18170.0,30334.0,125730.0,0.40221501372387186,0.061584,16,12,64,50,10,12.003811597824097,18.87909698486328
312594.0,263382.0,18170.0,30334.0,125730.0,0.40221501372387186,0.061584,16,12,64,50,16,21.418379306793213,19.048991680145264
312594.0,263382.0,18170.0,30334.0,125730.0,0.40221501372387186,0.061584,16,12,64,50,20,34.42948913574219,19.206519603729248
312594.0,263382.0,18170.0,30334.0,125730.0,0.40221501372387186,0.061584,16,12,64,50,25,35.883246183395386,18.499454021453857
561890.0,487526.0,24538.0,48414.0,233282.0,0.4151737884639342,0.114592,32,12,64,50,1,3.1344547271728516,27.637083292007446
561890.0,487526.0,24538.0,48414.0,233282.0,0.4151737884639342,0.114592,32,12,64,50,5,6.769668102264404,19.68729567527771
561890.0,487526.0,24538.0,48414.0,233282.0,0.4151737884639342,0.114592,32,12,64,50,10,11.479774951934814,18.90023946762085
561890.0,487526.0,24538.0,48414.0,233282.0,0.4151737884639342,0.114592,32,12,64,50,16,20.346964359283447,19.008833646774292
561890.0,487526.0,24538.0,48414.0,233282.0,0.4151737884639342,0.114592,32,12,64,50,20,32.867016315460205,19.08091139793396
561890.0,487526.0,24538.0,48414.0,233282.0,0.4151737884639342,0.114592,32,12,64,50,25,29.901957511901855,18.541425466537476
1508994.0,1353606.0,43418.0,109150.0,649602.0,0.43048680114036236,0.320448,64,12,64,50,1,2.940572738647461,27.534616470336914
1508994.0,1353606.0,43418.0,109150.0,649602.0,0.43048680114036236,0.320448,64,12,64,50,5,6.663797616958618,20.718619346618652
1508994.0,1353606.0,43418.0,109150.0,649602.0,0.43048680114036236,0.320448,64,12,64,50,10,11.155964136123657,19.36114001274109
1508994.0,1353606.0,43418.0,109150.0,649602.0,0.43048680114036236,0.320448,64,12,64,50,16,19.911832809448242,19.069518566131592
1508994.0,1353606.0,43418.0,109150.0,649602.0,0.43048680114036236,0.320448,64,12,64,50,20,32.1126549243927,19.194559335708618
1508994.0,1353606.0,43418.0,109150.0,649602.0,0.43048680114036236,0.320448,64,12,64,50,25,34.142781257629395,19.00540065765381
489466.0,439998.0,18170.0,30590.0,214050.0,0.43731331696175013,0.105744,16,6,64,50,1,2.038295030593872,15.988415718078613
489466.0,439998.0,18170.0,30590.0,214050.0,0.43731331696175013,0.105744,16,6,64,50,5,4.5510289669036865,11.429817914962769
489466.0,439998.0,18170.0,30590.0,214050.0,0.43731331696175013,0.105744,16,6,64,50,10,7.539770603179932,10.894366979598999
489466.0,439998.0,18170.0,30590.0,214050.0,0.43731331696175013,0.105744,16,6,64,50,16,13.088375568389893,10.89376425743103
489466.0,439998.0,18170.0,30590.0,214050.0,0.43731331696175013,0.105744,16,6,64,50,20,20.64292621612549,11.01897931098938
489466.0,439998.0,18170.0,30590.0,214050.0,0.43731331696175013,0.105744,16,6,64,50,25,18.382646322250366,10.738821029663086
947658.0,873038.0,24538.0,48670.0,426050.0,0.4495820222063234,0.210976,32,6,64,50,1,2.1117355823516846,16.337709426879883
947658.0,873038.0,24538.0,48670.0,426050.0,0.4495820222063234,0.210976,32,6,64,50,5,4.1092565059661865,12.694555282592773
947658.0,873038.0,24538.0,48670.0,426050.0,0.4495820222063234,0.210976,32,6,64,50,10,6.826968431472778,12.243993043899536
947658.0,873038.0,24538.0,48670.0,426050.0,0.4495820222063234,0.210976,32,6,64,50,16,12.281622409820557,12.253507852554321
947658.0,873038.0,24538.0,48670.0,426050.0,0.4495820222063234,0.210976,32,6,64,50,20,19.035801887512207,12.37653112411499
947658.0,873038.0,24538.0,48670.0,426050.0,0.4495820222063234,0.210976,32,6,64,50,25,17.12936305999756,12.116790056228638
2705770.0,2550126.0,43418.0,109406.0,1247874.0,0.4611899754968087,0.619584,64,6,64,50,1,2.0867629051208496,16.193793296813965
2705770.0,2550126.0,43418.0,109406.0,1247874.0,0.4611899754968087,0.619584,64,6,64,50,5,4.170762538909912,12.804609298706055
2705770.0,2550126.0,43418.0,109406.0,1247874.0,0.4611899754968087,0.619584,64,6,64,50,10,6.792923450469971,12.319800615310669
2705770.0,2550126.0,43418.0,109406.0,1247874.0,0.4611899754968087,0.619584,64,6,64,50,16,12.212249517440796,12.640111923217773
2705770.0,2550126.0,43418.0,109406.0,1247874.0,0.4611899754968087,0.619584,64,6,64,50,20,18.943370580673218,12.15753173828125
2705770.0,2550126.0,43418.0,109406.0,1247874.0,0.4611899754968087,0.619584,64,6,64,50,25,17.271328926086426,11.878003120422363
636418.0,575686.0,22778.0,37246.0,280610.0,0.44092090418561386,0.138768,16,8,64,50,1,2.36763334274292,19.6119601726532
636418.0,575686.0,22778.0,37246.0,280610.0,0.44092090418561386,0.138768,16,8,64,50,5,5.274908781051636,13.718345165252686
636418.0,575686.0,22778.0,37246.0,280610.0,0.44092090418561386,0.138768,16,8,64,50,10,8.866451740264893,13.391628742218018
636418.0,575686.0,22778.0,37246.0,280610.0,0.44092090418561386,0.138768,16,8,64,50,16,15.709035634994507,13.272245645523071
636418.0,575686.0,22778.0,37246.0,280610.0,0.44092090418561386,0.138768,16,8,64,50,20,30.598860263824463,13.526931047439575
636418.0,575686.0,22778.0,37246.0,280610.0,0.44092090418561386,0.138768,16,8,64,50,25,22.550663709640503,13.112940549850464
1094610.0,1008726.0,29146.0,55326.0,492610.0,0.4500324316423201,0.244,32,8,64,50,1,2.15971040725708,20.051427364349365
1094610.0,1008726.0,29146.0,55326.0,492610.0,0.4500324316423201,0.244,32,8,64,50,5,5.073807954788208,15.173312902450562
1094610.0,1008726.0,29146.0,55326.0,492610.0,0.4500324316423201,0.244,32,8,64,50,10,8.258513689041138,14.796627521514893
1094610.0,1008726.0,29146.0,55326.0,492610.0,0.4500324316423201,0.244,32,8,64,50,16,14.496410131454468,14.658635139465332
1094610.0,1008726.0,29146.0,55326.0,492610.0,0.4500324316423201,0.244,32,8,64,50,20,23.350053548812866,14.82907772064209
1094610.0,1008726.0,29146.0,55326.0,492610.0,0.4500324316423201,0.244,32,8,64,50,25,21.431394338607788,14.537389755249023
2852722.0,2685814.0,48026.0,116062.0,1314434.0,0.4607648414391588,0.652608,64,8,64,50,1,2.224548101425171,19.764262914657593
2852722.0,2685814.0,48026.0,116062.0,1314434.0,0.4607648414391588,0.652608,64,8,64,50,5,4.947185277938843,15.080821752548218
2852722.0,2685814.0,48026.0,116062.0,1314434.0,0.4607648414391588,0.652608,64,8,64,50,10,8.305484533309937,14.780623435974121
2852722.0,2685814.0,48026.0,116062.0,1314434.0,0.4607648414391588,0.652608,64,8,64,50,16,14.603796243667603,15.184693574905396
2852722.0,2685814.0,48026.0,116062.0,1314434.0,0.4607648414391588,0.652608,64,8,64,50,20,23.538243532180786,14.375292539596558
2852722.0,2685814.0,48026.0,116062.0,1314434.0,0.4607648414391588,0.652608,64,8,64,50,25,21.31471276283264,14.101819515228271
783370.0,711374.0,27386.0,43902.0,347170.0,0.443175000319134,0.171792,16,10,64,50,1,2.584953784942627,22.807750701904297
783370.0,711374.0,27386.0,43902.0,347170.0,0.443175000319134,0.171792,16,10,64,50,5,6.125177383422852,16.03610110282898
783370.0,711374.0,27386.0,43902.0,347170.0,0.443175000319134,0.171792,16,10,64,50,10,10.264817714691162,15.43958044052124
783370.0,711374.0,27386.0,43902.0,347170.0,0.443175000319134,0.171792,16,10,64,50,16,18.272454261779785,15.499529600143433
783370.0,711374.0,27386.0,43902.0,347170.0,0.443175000319134,0.171792,16,10,64,50,20,35.232962131500244,15.708421468734741
783370.0,711374.0,27386.0,43902.0,347170.0,0.443175000319134,0.171792,16,10,64,50,25,26.62834072113037,15.34106731414795
1241562.0,1144414.0,33754.0,61982.0,559170.0,0.45037621963301067,0.277024,32,10,64,50,1,2.560598850250244,23.353861331939697
1241562.0,1144414.0,33754.0,61982.0,559170.0,0.45037621963301067,0.277024,32,10,64,50,5,5.931800127029419,17.69621229171753
1241562.0,1144414.0,33754.0,61982.0,559170.0,0.45037621963301067,0.277024,32,10,64,50,10,9.92330026626587,17.177894592285156
1241562.0,1144414.0,33754.0,61982.0,559170.0,0.45037621963301067,0.277024,32,10,64,50,16,17.659735918045044,17.290640354156494
1241562.0,1144414.0,33754.0,61982.0,559170.0,0.45037621963301067,0.277024,32,10,64,50,20,27.84120011329651,17.365127563476562
1241562.0,1144414.0,33754.0,61982.0,559170.0,0.45037621963301067,0.277024,32,10,64,50,25,25.45751452445984,16.928811073303223
2999674.0,2821502.0,52634.0,122718.0,1380994.0,0.4603813614412766,0.685632,64,10,64,50,1,2.6318178176879883,23.17181658744812
2999674.0,2821502.0,52634.0,122718.0,1380994.0,0.4603813614412766,0.685632,64,10,64,50,5,5.9679319858551025,17.50284242630005
2999674.0,2821502.0,52634.0,122718.0,1380994.0,0.4603813614412766,0.685632,64,10,64,50,10,9.921645164489746,16.619898796081543
2999674.0,2821502.0,52634.0,122718.0,1380994.0,0.4603813614412766,0.685632,64,10,64,50,16,17.549617528915405,17.448025703430176
2999674.0,2821502.0,52634.0,122718.0,1380994.0,0.4603813614412766,0.685632,64,10,64,50,20,28.264716863632202,16.667308568954468
2999674.0,2821502.0,52634.0,122718.0,1380994.0,0.4603813614412766,0.685632,64,10,64,50,25,25.472362518310547,16.34089159965515
930322.0,847062.0,31994.0,50558.0,413730.0,0.44471699046136715,0.204816,16,12,64,50,1,3.022981882095337,26.24409294128418
930322.0,847062.0,31994.0,50558.0,413730.0,0.44471699046136715,0.204816,16,12,64,50,5,6.965289831161499,18.586415767669678
930322.0,847062.0,31994.0,50558.0,413730.0,0.44471699046136715,0.204816,16,12,64,50,10,11.796530723571777,17.808239221572876
930322.0,847062.0,31994.0,50558.0,413730.0,0.44471699046136715,0.204816,16,12,64,50,16,28.121015071868896,17.900704622268677
930322.0,847062.0,31994.0,50558.0,413730.0,0.44471699046136715,0.204816,16,12,64,50,20,34.659257650375366,18.11781597137451
930322.0,847062.0,31994.0,50558.0,413730.0,0.44471699046136715,0.204816,16,12,64,50,25,31.166552543640137,17.657095909118652
1388514.0,1280102.0,38362.0,68638.0,625730.0,0.45064723870267065,0.310048,32,12,64,50,1,3.024420976638794,26.7388699054718
1388514.0,1280102.0,38362.0,68638.0,625730.0,0.45064723870267065,0.310048,32,12,64,50,5,6.92021369934082,20.494579553604126
1388514.0,1280102.0,38362.0,68638.0,625730.0,0.45064723870267065,0.310048,32,12,64,50,10,11.649936437606812,19.908085346221924
1388514.0,1280102.0,38362.0,68638.0,625730.0,0.45064723870267065,0.310048,32,12,64,50,16,20.7034113407135,19.63217782974243
1388514.0,1280102.0,38362.0,68638.0,625730.0,0.45064723870267065,0.310048,32,12,64,50,20,32.29480743408203,19.816450595855713
1388514.0,1280102.0,38362.0,68638.0,625730.0,0.45064723870267065,0.310048,32,12,64,50,25,30.25255560874939,19.445196628570557
3146626.0,2957190.0,57242.0,129374.0,1447554.0,0.4600336995880667,0.718656,64,12,64,50,1,3.0113160610198975,26.401206970214844
3146626.0,2957190.0,57242.0,129374.0,1447554.0,0.4600336995880667,0.718656,64,12,64,50,5,6.999000549316406,19.855709314346313
3146626.0,2957190.0,57242.0,129374.0,1447554.0,0.4600336995880667,0.718656,64,12,64,50,10,11.741639137268066,19.222532749176025
3146626.0,2957190.0,57242.0,129374.0,1447554.0,0.4600336995880667,0.718656,64,12,64,50,16,22.295865774154663,19.73554515838623
3146626.0,2957190.0,57242.0,129374.0,1447554.0,0.4600336995880667,0.718656,64,12,64,50,20,36.4233934879303,18.92859411239624
3146626.0,2957190.0,57242.0,129374.0,1447554.0,0.4600336995880667,0.718656,64,12,64,50,25,29.83523964881897,18.522319316864014
1480698.0,1396926.0,31994.0,51070.0,688674.0,0.4651009186208126,0.342288,16,6,64,50,1,2.156031608581543,15.517521142959595
1480698.0,1396926.0,31994.0,51070.0,688674.0,0.4651009186208126,0.342288,16,6,64,50,5,4.43279504776001,11.147438764572144
1480698.0,1396926.0,31994.0,51070.0,688674.0,0.4651009186208126,0.342288,16,6,64,50,10,7.396245956420898,10.75314712524414
1480698.0,1396926.0,31994.0,51070.0,688674.0,0.4651009186208126,0.342288,16,6,64,50,16,20.44447350502014,11.237983703613281
1480698.0,1396926.0,31994.0,51070.0,688674.0,0.4651009186208126,0.342288,16,6,64,50,20,20.600788116455078,10.684357166290283
1480698.0,1396926.0,31994.0,51070.0,688674.0,0.4651009186208126,0.342288,16,6,64,50,25,18.474916219711304,10.548222303390503
2356682.0,2247758.0,38362.0,69150.0,1109570.0,0.47081871885982074,0.551968,32,6,64,50,1,1.941385269165039,15.898157119750977
2356682.0,2247758.0,38362.0,69150.0,1109570.0,0.47081871885982074,0.551968,32,6,64,50,5,4.127535581588745,12.156741380691528
2356682.0,2247758.0,38362.0,69150.0,1109570.0,0.47081871885982074,0.551968,32,6,64,50,10,6.8741774559021,11.73150897026062
2356682.0,2247758.0,38362.0,69150.0,1109570.0,0.47081871885982074,0.551968,32,6,64,50,16,12.349671840667725,12.227775812149048
2356682.0,2247758.0,38362.0,69150.0,1109570.0,0.47081871885982074,0.551968,32,6,64,50,20,19.403579235076904,11.721187591552734
2356682.0,2247758.0,38362.0,69150.0,1109570.0,0.47081871885982074,0.551968,32,6,64,50,25,17.38154911994934,11.535236120223999
5736810.0,5546862.0,57242.0,129886.0,2742402.0,0.4780360513944161,1.36608,64,6,64,50,1,1.9979231357574463,19.077998399734497
5736810.0,5546862.0,57242.0,129886.0,2742402.0,0.4780360513944161,1.36608,64,6,64,50,5,4.201732873916626,15.996530532836914
5736810.0,5546862.0,57242.0,129886.0,2742402.0,0.4780360513944161,1.36608,64,6,64,50,10,6.943756818771362,16.040554761886597
5736810.0,5546862.0,57242.0,129886.0,2742402.0,0.4780360513944161,1.36608,64,6,64,50,16,12.178097248077393,16.552892923355103
5736810.0,5546862.0,57242.0,129886.0,2742402.0,0.4780360513944161,1.36608,64,6,64,50,20,19.483923196792603,15.852670907974243
5736810.0,5546862.0,57242.0,129886.0,2742402.0,0.4780360513944161,1.36608,64,6,64,50,25,17.411720991134644,15.590879917144775
2036738.0,1930438.0,41210.0,64382.0,952866.0,0.46783926062164105,0.473872,16,8,64,50,1,2.2043910026550293,18.408934831619263
2036738.0,1930438.0,41210.0,64382.0,952866.0,0.46783926062164105,0.473872,16,8,64,50,5,5.059707880020142,14.432050228118896
2036738.0,1930438.0,41210.0,64382.0,952866.0,0.46783926062164105,0.473872,16,8,64,50,10,8.862731218338013,13.720844507217407
2036738.0,1930438.0,41210.0,64382.0,952866.0,0.46783926062164105,0.473872,16,8,64,50,16,15.714659929275513,14.205366849899292
2036738.0,1930438.0,41210.0,64382.0,952866.0,0.46783926062164105,0.473872,16,8,64,50,20,25.695607662200928,13.439833641052246
2036738.0,1930438.0,41210.0,64382.0,952866.0,0.46783926062164105,0.473872,16,8,64,50,25,22.90868854522705,13.276875019073486
2912722.0,2781270.0,47578.0,82462.0,1373762.0,0.4716419898637769,0.683552,32,8,64,50,1,2.316957473754883,19.97360873222351
2912722.0,2781270.0,47578.0,82462.0,1373762.0,0.4716419898637769,0.683552,32,8,64,50,5,5.114706754684448,15.512851476669312
2912722.0,2781270.0,47578.0,82462.0,1373762.0,0.4716419898637769,0.683552,32,8,64,50,10,8.473125696182251,14.823240280151367
2912722.0,2781270.0,47578.0,82462.0,1373762.0,0.4716419898637769,0.683552,32,8,64,50,16,14.81396484375,15.360698699951172
2912722.0,2781270.0,47578.0,82462.0,1373762.0,0.4716419898637769,0.683552,32,8,64,50,20,23.748030424118042,14.729045152664185
2912722.0,2781270.0,47578.0,82462.0,1373762.0,0.4716419898637769,0.683552,32,8,64,50,25,28.76652693748474,14.508532762527466
6292850.0,6080374.0,66458.0,143198.0,3006594.0,0.4777793845395965,1.497664,64,8,64,50,1,2.342956781387329,23.186928033828735
6292850.0,6080374.0,66458.0,143198.0,3006594.0,0.4777793845395965,1.497664,64,8,64,50,5,4.96896767616272,19.14621090888977
6292850.0,6080374.0,66458.0,143198.0,3006594.0,0.4777793845395965,1.497664,64,8,64,50,10,8.355820417404175,19.0515558719635
6292850.0,6080374.0,66458.0,143198.0,3006594.0,0.4777793845395965,1.497664,64,8,64,50,16,14.783533573150635,19.61862063407898
6292850.0,6080374.0,66458.0,143198.0,3006594.0,0.4777793845395965,1.497664,64,8,64,50,20,23.641804695129395,18.788588762283325
6292850.0,6080374.0,66458.0,143198.0,3006594.0,0.4777793845395965,1.497664,64,8,64,50,25,21.29231023788452,18.47482466697693
2592778.0,2463950.0,50426.0,77694.0,1217058.0,0.46940308811629844,0.605456,16,10,64,50,1,2.58864688873291,22.38427495956421
2592778.0,2463950.0,50426.0,77694.0,1217058.0,0.46940308811629844,0.605456,16,10,64,50,5,6.071142196655273,17.50876021385193
2592778.0,2463950.0,50426.0,77694.0,1217058.0,0.46940308811629844,0.605456,16,10,64,50,10,10.226486921310425,16.604816913604736
2592778.0,2463950.0,50426.0,77694.0,1217058.0,0.46940308811629844,0.605456,16,10,64,50,16,18.653177976608276,17.157469987869263
2592778.0,2463950.0,50426.0,77694.0,1217058.0,0.46940308811629844,0.605456,16,10,64,50,20,29.623189449310303,16.303359508514404
2592778.0,2463950.0,50426.0,77694.0,1217058.0,0.46940308811629844,0.605456,16,10,64,50,25,26.646024703979492,16.084116458892822
3468762.0,3314782.0,56794.0,95774.0,1637954.0,0.4722013213936269,0.815136,32,10,64,50,1,2.588212251663208,23.879897832870483
3468762.0,3314782.0,56794.0,95774.0,1637954.0,0.4722013213936269,0.815136,32,10,64,50,5,5.98512601852417,18.819718837738037
3468762.0,3314782.0,56794.0,95774.0,1637954.0,0.4722013213936269,0.815136,32,10,64,50,10,10.064355373382568,18.167835235595703
3468762.0,3314782.0,56794.0,95774.0,1637954.0,0.4722013213936269,0.815136,32,10,64,50,16,17.718231678009033,18.900235414505005
3468762.0,3314782.0,56794.0,95774.0,1637954.0,0.4722013213936269,0.815136,32,10,64,50,20,28.29274821281433,17.99515461921692
3468762.0,3314782.0,56794.0,95774.0,1637954.0,0.4722013213936269,0.815136,32,10,64,50,25,25.582195520401,17.7614324092865
6848890.0,6613886.0,75674.0,156510.0,3270786.0,0.4775643936462697,1.629248,64,10,64,50,1,2.568723678588867,27.07011580467224
6848890.0,6613886.0,75674.0,156510.0,3270786.0,0.4775643936462697,1.629248,64,10,64,50,5,6.0299904346466064,22.368362426757812
6848890.0,6613886.0,75674.0,156510.0,3270786.0,0.4775643936462697,1.629248,64,10,64,50,10,9.956394910812378,21.99922513961792
6848890.0,6613886.0,75674.0,156510.0,3270786.0,0.4775643936462697,1.629248,64,10,64,50,16,17.636286735534668,22.771517992019653
6848890.0,6613886.0,75674.0,156510.0,3270786.0,0.4775643936462697,1.629248,64,10,64,50,20,35.71607518196106,21.72812581062317
6848890.0,6613886.0,75674.0,156510.0,3270786.0,0.4775643936462697,1.629248,64,10,64,50,25,25.862515687942505,21.453954696655273
3148818.0,2997462.0,59642.0,91006.0,1481250.0,0.47041461272134494,0.73704,16,12,64,50,1,3.0953528881073,26.631656646728516
3148818.0,2997462.0,59642.0,91006.0,1481250.0,0.47041461272134494,0.73704,16,12,64,50,5,7.001211881637573,20.57329225540161
3148818.0,2997462.0,59642.0,91006.0,1481250.0,0.47041461272134494,0.73704,16,12,64,50,10,11.942237377166748,19.79755663871765
3148818.0,2997462.0,59642.0,91006.0,1481250.0,0.47041461272134494,0.73704,16,12,64,50,16,21.834444046020508,20.50678253173828
3148818.0,2997462.0,59642.0,91006.0,1481250.0,0.47041461272134494,0.73704,16,12,64,50,20,34.898181200027466,19.43207812309265
3148818.0,2997462.0,59642.0,91006.0,1481250.0,0.47041461272134494,0.73704,16,12,64,50,25,31.210864543914795,19.198637008666992
4024802.0,3848294.0,66010.0,109086.0,1902146.0,0.47260610584073454,0.94672,32,12,64,50,1,3.034423589706421,28.039034366607666
4024802.0,3848294.0,66010.0,109086.0,1902146.0,0.47260610584073454,0.94672,32,12,64,50,5,6.924418687820435,21.892120838165283
4024802.0,3848294.0,66010.0,109086.0,1902146.0,0.47260610584073454,0.94672,32,12,64,50,10,11.63926911354065,21.28230333328247
4024802.0,3848294.0,66010.0,109086.0,1902146.0,0.47260610584073454,0.94672,32,12,64,50,16,20.891985416412354,22.24223041534424
4024802.0,3848294.0,66010.0,109086.0,1902146.0,0.47260610584073454,0.94672,32,12,64,50,20,33.05572819709778,21.18454599380493
4024802.0,3848294.0,66010.0,109086.0,1902146.0,0.47260610584073454,0.94672,32,12,64,50,25,29.93358564376831,20.892040967941284
7404930.0,7147398.0,84890.0,169822.0,3534978.0,0.47738169030632294,1.760832,64,12,64,50,1,3.057300329208374,31.21221399307251
7404930.0,7147398.0,84890.0,169822.0,3534978.0,0.47738169030632294,1.760832,64,12,64,50,5,6.837035894393921,25.72428870201111
7404930.0,7147398.0,84890.0,169822.0,3534978.0,0.47738169030632294,1.760832,64,12,64,50,10,11.41903018951416,25.078162670135498
7404930.0,7147398.0,84890.0,169822.0,3534978.0,0.47738169030632294,1.760832,64,12,64,50,16,20.595841884613037,25.93784737586975
7404930.0,7147398.0,84890.0,169822.0,3534978.0,0.47738169030632294,1.760832,64,12,64,50,20,32.85313963890076,24.738043546676636
7404930.0,7147398.0,84890.0,169822.0,3534978.0,0.47738169030632294,1.760832,64,12,64,50,25,38.34907841682434,24.406784772872925
52218.0,32766.0,6074.0,12670.0,13794.0,0.2641617832931173,0.006288,16,6,64,100,1,1.9432990550994873,29.6223361492157
52218.0,32766.0,6074.0,12670.0,13794.0,0.2641617832931173,0.006288,16,6,64,100,10,7.314237594604492,19.67107844352722
52218.0,32766.0,6074.0,12670.0,13794.0,0.2641617832931173,0.006288,16,6,64,100,20,13.777285814285278,19.48816990852356
52218.0,32766.0,6074.0,12670.0,13794.0,0.2641617832931173,0.006288,16,6,64,100,31,27.831719398498535,19.633933782577515
52218.0,32766.0,6074.0,12670.0,13794.0,0.2641617832931173,0.006288,16,6,64,100,40,44.85661196708679,19.871100902557373
52218.0,32766.0,6074.0,12670.0,13794.0,0.2641617832931173,0.006288,16,6,64,100,50,42.507736921310425,19.57395100593567
144842.0,100238.0,12442.0,30750.0,43010.0,0.2969442565001864,0.020128,32,6,64,100,1,2.0077319145202637,30.373332262039185
144842.0,100238.0,12442.0,30750.0,43010.0,0.2969442565001864,0.020128,32,6,64,100,10,6.892269849777222,20.77847909927368
144842.0,100238.0,12442.0,30750.0,43010.0,0.2969442565001864,0.020128,32,6,64,100,20,13.249837398529053,20.562050819396973
144842.0,100238.0,12442.0,30750.0,43010.0,0.2969442565001864,0.020128,32,6,64,100,31,26.042232036590576,20.62726616859436
144842.0,100238.0,12442.0,30750.0,43010.0,0.2969442565001864,0.020128,32,6,64,100,40,41.49604535102844,20.8251473903656
144842.0,100238.0,12442.0,30750.0,43010.0,0.2969442565001864,0.020128,32,6,64,100,50,40.16376709938049,20.429757595062256
483690.0,358062.0,31322.0,91486.0,155202.0,0.3208708056813248,0.07392,64,6,64,100,1,1.8701064586639404,29.989516258239746
483690.0,358062.0,31322.0,91486.0,155202.0,0.3208708056813248,0.07392,64,6,64,100,10,6.92141056060791,20.37320327758789
483690.0,358062.0,31322.0,91486.0,155202.0,0.3208708056813248,0.07392,64,6,64,100,20,13.099119186401367,20.20988702774048
483690.0,358062.0,31322.0,91486.0,155202.0,0.3208708056813248,0.07392,64,6,64,100,31,26.00932002067566,20.286685466766357
483690.0,358062.0,31322.0,91486.0,155202.0,0.3208708056813248,0.07392,64,6,64,100,40,41.51177644729614,20.424665689468384
483690.0,358062.0,31322.0,91486.0,155202.0,0.3208708056813248,0.07392,64,6,64,100,50,40.07287073135376,20.13308358192444
56258.0,35398.0,6650.0,13502.0,14946.0,0.2656688826478012,0.006832,16,8,64,100,1,2.287973165512085,36.47553634643555
56258.0,35398.0,6650.0,13502.0,14946.0,0.2656688826478012,0.006832,16,8,64,100,10,8.70149827003479,24.162809133529663
56258.0,35398.0,6650.0,13502.0,14946.0,0.2656688826478012,0.006832,16,8,64,100,20,16.671768188476562,23.845505237579346
56258.0,35398.0,6650.0,13502.0,14946.0,0.2656688826478012,0.006832,16,8,64,100,31,43.548582315444946,24.033085346221924
56258.0,35398.0,6650.0,13502.0,14946.0,0.2656688826478012,0.006832,16,8,64,100,40,55.57058382034302,24.463472366333008
56258.0,35398.0,6650.0,13502.0,14946.0,0.2656688826478012,0.006832,16,8,64,100,50,53.88785767555237,23.89884352684021
148882.0,102870.0,13018.0,31582.0,44162.0,0.29662417216318965,0.020672,32,8,64,100,1,2.247392416000366,37.11313247680664
148882.0,102870.0,13018.0,31582.0,44162.0,0.29662417216318965,0.020672,32,8,64,100,10,8.395081996917725,25.32281184196472
148882.0,102870.0,13018.0,31582.0,44162.0,0.29662417216318965,0.020672,32,8,64,100,20,15.948611974716187,24.96013331413269
148882.0,102870.0,13018.0,31582.0,44162.0,0.29662417216318965,0.020672,32,8,64,100,31,32.79752826690674,25.198938369750977
148882.0,102870.0,13018.0,31582.0,44162.0,0.29662417216318965,0.020672,32,8,64,100,40,52.63686752319336,25.232829093933105
148882.0,102870.0,13018.0,31582.0,44162.0,0.29662417216318965,0.020672,32,8,64,100,50,51.6994833946228,24.884543418884277
487730.0,360694.0,31898.0,92318.0,156354.0,0.3205749082484161,0.074464,64,8,64,100,1,2.524536371231079,37.00976276397705
487730.0,360694.0,31898.0,92318.0,156354.0,0.3205749082484161,0.074464,64,8,64,100,10,8.499749422073364,25.344778537750244
487730.0,360694.0,31898.0,92318.0,156354.0,0.3205749082484161,0.074464,64,8,64,100,20,16.28815245628357,24.954257249832153
487730.0,360694.0,31898.0,92318.0,156354.0,0.3205749082484161,0.074464,64,8,64,100,31,32.67338275909424,24.75043773651123
487730.0,360694.0,31898.0,92318.0,156354.0,0.3205749082484161,0.074464,64,8,64,100,40,52.85995006561279,24.930503129959106
487730.0,360694.0,31898.0,92318.0,156354.0,0.3205749082484161,0.074464,64,8,64,100,50,50.92419242858887,24.713412761688232
60298.0,38030.0,7226.0,14334.0,16098.0,0.2669740289893529,0.007376,16,10,64,100,1,2.6628522872924805,42.82339096069336
60298.0,38030.0,7226.0,14334.0,16098.0,0.2669740289893529,0.007376,16,10,64,100,10,10.363322019577026,28.650436878204346
60298.0,38030.0,7226.0,14334.0,16098.0,0.2669740289893529,0.007376,16,10,64,100,20,19.992690324783325,28.442419052124023
60298.0,38030.0,7226.0,14334.0,16098.0,0.2669740289893529,0.007376,16,10,64,100,31,41.43397378921509,28.464420080184937
60298.0,38030.0,7226.0,14334.0,16098.0,0.2669740289893529,0.007376,16,10,64,100,40,77.73620367050171,28.883567094802856
60298.0,38030.0,7226.0,14334.0,16098.0,0.2669740289893529,0.007376,16,10,64,100,50,64.93593096733093,28.188875198364258
152922.0,105502.0,13594.0,32414.0,45314.0,0.29632100024849267,0.021216,32,10,64,100,1,2.5799694061279297,43.780292987823486
152922.0,105502.0,13594.0,32414.0,45314.0,0.29632100024849267,0.021216,32,10,64,100,10,10.020143270492554,30.00141930580139
152922.0,105502.0,13594.0,32414.0,45314.0,0.29632100024849267,0.021216,32,10,64,100,20,18.989065408706665,29.422043085098267
152922.0,105502.0,13594.0,32414.0,45314.0,0.29632100024849267,0.021216,32,10,64,100,31,39.179641246795654,29.518098831176758
152922.0,105502.0,13594.0,32414.0,45314.0,0.29632100024849267,0.021216,32,10,64,100,40,64.67383980751038,29.72955584526062
152922.0,105502.0,13594.0,32414.0,45314.0,0.29632100024849267,0.021216,32,10,64,100,50,63.551331520080566,29.17735457420349
491770.0,363326.0,32474.0,93150.0,157506.0,0.320283872542042,0.075008,64,10,64,100,1,2.519498825073242,43.48941469192505
491770.0,363326.0,32474.0,93150.0,157506.0,0.320283872542042,0.075008,64,10,64,100,10,10.071688652038574,29.75844430923462
491770.0,363326.0,32474.0,93150.0,157506.0,0.320283872542042,0.075008,64,10,64,100,20,19.19435429573059,29.226690530776978
491770.0,363326.0,32474.0,93150.0,157506.0,0.320283872542042,0.075008,64,10,64,100,31,39.65422248840332,29.097665071487427
491770.0,363326.0,32474.0,93150.0,157506.0,0.320283872542042,0.075008,64,10,64,100,40,65.85073280334473,29.26116418838501
491770.0,363326.0,32474.0,93150.0,157506.0,0.320283872542042,0.075008,64,10,64,100,50,63.670981645584106,28.92907190322876
64338.0,40662.0,7802.0,15166.0,17250.0,0.26811526625011656,0.00792,16,12,64,100,1,3.873450756072998,49.79176425933838
64338.0,40662.0,7802.0,15166.0,17250.0,0.26811526625011656,0.00792,16,12,64,100,10,12.178473711013794,33.311458587646484
64338.0,40662.0,7802.0,15166.0,17250.0,0.26811526625011656,0.00792,16,12,64,100,20,23.282288074493408,32.7415931224823
64338.0,40662.0,7802.0,15166.0,17250.0,0.26811526625011656,0.00792,16,12,64,100,31,60.70215678215027,32.90028119087219
64338.0,40662.0,7802.0,15166.0,17250.0,0.26811526625011656,0.00792,16,12,64,100,40,80.32240581512451,33.41210460662842
64338.0,40662.0,7802.0,15166.0,17250.0,0.26811526625011656,0.00792,16,12,64,100,50,79.30846238136292,32.60820412635803
156962.0,108134.0,14170.0,33246.0,46466.0,0.2960334348441024,0.02176,32,12,64,100,1,3.187779664993286,50.504133224487305
156962.0,108134.0,14170.0,33246.0,46466.0,0.2960334348441024,0.02176,32,12,64,100,10,11.851215124130249,34.737168312072754
156962.0,108134.0,14170.0,33246.0,46466.0,0.2960334348441024,0.02176,32,12,64,100,20,22.539932250976562,34.16687870025635
156962.0,108134.0,14170.0,33246.0,46466.0,0.2960334348441024,0.02176,32,12,64,100,31,47.53015923500061,34.028934955596924
156962.0,108134.0,14170.0,33246.0,46466.0,0.2960334348441024,0.02176,32,12,64,100,40,77.42370963096619,34.03471803665161
156962.0,108134.0,14170.0,33246.0,46466.0,0.2960334348441024,0.02176,32,12,64,100,50,77.46425414085388,33.51280164718628
495810.0,365958.0,33050.0,93982.0,158658.0,0.31999757971803716,0.075552,64,12,64,100,1,3.198333263397217,50.19493341445923
495810.0,365958.0,33050.0,93982.0,158658.0,0.31999757971803716,0.075552,64,12,64,100,10,11.695648193359375,34.263569831848145
495810.0,365958.0,33050.0,93982.0,158658.0,0.31999757971803716,0.075552,64,12,64,100,20,22.392850875854492,33.785287618637085
495810.0,365958.0,33050.0,93982.0,158658.0,0.31999757971803716,0.075552,64,12,64,100,31,47.50636410713196,33.651437282562256
495810.0,365958.0,33050.0,93982.0,158658.0,0.31999757971803716,0.075552,64,12,64,100,40,78.14059233665466,34.00776696205139
495810.0,365958.0,33050.0,93982.0,158658.0,0.31999757971803716,0.075552,64,12,64,100,50,77.23878073692322,33.291560649871826
90106.0,66366.0,7802.0,15230.0,30114.0,0.3342063791534415,0.014352,16,6,64,100,1,15.40977144241333,30.244959354400635
90106.0,66366.0,7802.0,15230.0,30114.0,0.3342063791534415,0.014352,16,6,64,100,10,7.808685064315796,20.025843381881714
90106.0,66366.0,7802.0,15230.0,30114.0,0.3342063791534415,0.014352,16,6,64,100,20,14.84591817855835,19.82976770401001
90106.0,66366.0,7802.0,15230.0,30114.0,0.3342063791534415,0.014352,16,6,64,100,31,28.982527494430542,19.726210117340088
90106.0,66366.0,7802.0,15230.0,30114.0,0.3342063791534415,0.014352,16,6,64,100,40,46.04084801673889,20.04051923751831
90106.0,66366.0,7802.0,15230.0,30114.0,0.3342063791534415,0.014352,16,6,64,100,50,43.43670344352722,19.715585947036743
234954.0,186062.0,14170.0,33310.0,85442.0,0.36365416209130297,0.041248,32,6,64,100,1,2.0947952270507812,29.801081657409668
234954.0,186062.0,14170.0,33310.0,85442.0,0.36365416209130297,0.041248,32,6,64,100,10,7.235266447067261,20.166290521621704
234954.0,186062.0,14170.0,33310.0,85442.0,0.36365416209130297,0.041248,32,6,64,100,20,13.460910558700562,19.79928970336914
234954.0,186062.0,14170.0,33310.0,85442.0,0.36365416209130297,0.041248,32,6,64,100,31,26.78775644302368,20.18861484527588
234954.0,186062.0,14170.0,33310.0,85442.0,0.36365416209130297,0.041248,32,6,64,100,40,44.01853942871094,20.06010341644287
234954.0,186062.0,14170.0,33310.0,85442.0,0.36365416209130297,0.041248,32,6,64,100,50,41.115657567977905,19.709381818771362
776554.0,646638.0,33050.0,94046.0,299010.0,0.385047272952042,0.145728,64,6,64,100,1,1.87876558303833,30.350178956985474
776554.0,646638.0,33050.0,94046.0,299010.0,0.385047272952042,0.145728,64,6,64,100,10,7.280404806137085,20.63013792037964
776554.0,646638.0,33050.0,94046.0,299010.0,0.385047272952042,0.145728,64,6,64,100,20,13.44876742362976,20.222635507583618
776554.0,646638.0,33050.0,94046.0,299010.0,0.385047272952042,0.145728,64,6,64,100,31,27.28173327445984,20.652240991592407
776554.0,646638.0,33050.0,94046.0,299010.0,0.385047272952042,0.145728,64,6,64,100,40,43.849921464920044,20.5584979057312
776554.0,646638.0,33050.0,94046.0,299010.0,0.385047272952042,0.145728,64,6,64,100,50,41.051148414611816,20.188411951065063
102274.0,75718.0,8954.0,16894.0,34466.0,0.3369966951522381,0.016464,16,8,64,100,1,2.3141376972198486,36.83665657043457
102274.0,75718.0,8954.0,16894.0,34466.0,0.3369966951522381,0.016464,16,8,64,100,10,9.083320140838623,24.37686252593994
102274.0,75718.0,8954.0,16894.0,34466.0,0.3369966951522381,0.016464,16,8,64,100,20,17.24145245552063,23.991878747940063
102274.0,75718.0,8954.0,16894.0,34466.0,0.3369966951522381,0.016464,16,8,64,100,31,35.55334281921387,24.711456298828125
102274.0,75718.0,8954.0,16894.0,34466.0,0.3369966951522381,0.016464,16,8,64,100,40,58.65443253517151,24.344300746917725
102274.0,75718.0,8954.0,16894.0,34466.0,0.3369966951522381,0.016464,16,8,64,100,50,55.034520864486694,24.068241119384766
247122.0,195414.0,15322.0,34974.0,89794.0,0.3633589886776572,0.04336,32,8,64,100,1,2.3163490295410156,36.66181778907776
247122.0,195414.0,15322.0,34974.0,89794.0,0.3633589886776572,0.04336,32,8,64,100,10,8.901105403900146,24.795881986618042
247122.0,195414.0,15322.0,34974.0,89794.0,0.3633589886776572,0.04336,32,8,64,100,20,16.71131730079651,24.24020767211914
247122.0,195414.0,15322.0,34974.0,89794.0,0.3633589886776572,0.04336,32,8,64,100,31,33.62994861602783,24.733752965927124
247122.0,195414.0,15322.0,34974.0,89794.0,0.3633589886776572,0.04336,32,8,64,100,40,69.3842625617981,24.462655067443848
247122.0,195414.0,15322.0,34974.0,89794.0,0.3633589886776572,0.04336,32,8,64,100,50,52.964372634887695,24.031324863433838
788722.0,655990.0,34202.0,95710.0,303362.0,0.38462474737613506,0.14784,64,8,64,100,1,2.592160940170288,37.084537506103516
788722.0,655990.0,34202.0,95710.0,303362.0,0.38462474737613506,0.14784,64,8,64,100,10,8.646766185760498,25.212645292282104
788722.0,655990.0,34202.0,95710.0,303362.0,0.38462474737613506,0.14784,64,8,64,100,20,16.543753385543823,24.84081745147705
788722.0,655990.0,34202.0,95710.0,303362.0,0.38462474737613506,0.14784,64,8,64,100,31,33.396308183670044,24.87881302833557
788722.0,655990.0,34202.0,95710.0,303362.0,0.38462474737613506,0.14784,64,8,64,100,40,54.667439222335815,24.8671715259552
788722.0,655990.0,34202.0,95710.0,303362.0,0.38462474737613506,0.14784,64,8,64,100,50,52.33817529678345,24.48066282272339
114442.0,85070.0,10106.0,18558.0,38818.0,0.33919365267996016,0.018576,16,10,64,100,1,2.8649938106536865,43.21878695487976
114442.0,85070.0,10106.0,18558.0,38818.0,0.33919365267996016,0.018576,16,10,64,100,10,10.854695558547974,28.75471019744873
114442.0,85070.0,10106.0,18558.0,38818.0,0.33919365267996016,0.018576,16,10,64,100,20,20.592200756072998,28.442765474319458
114442.0,85070.0,10106.0,18558.0,38818.0,0.33919365267996016,0.018576,16,10,64,100,31,42.353601694107056,28.621230840682983
114442.0,85070.0,10106.0,18558.0,38818.0,0.33919365267996016,0.018576,16,10,64,100,40,69.67270755767822,29.01100254058838
114442.0,85070.0,10106.0,18558.0,38818.0,0.33919365267996016,0.018576,16,10,64,100,50,67.65971207618713,28.40231728553772
259290.0,204766.0,16474.0,36638.0,94146.0,0.36309151914844384,0.045472,32,10,64,100,1,2.7426598072052,42.95962595939636
259290.0,204766.0,16474.0,36638.0,94146.0,0.36309151914844384,0.045472,32,10,64,100,10,10.7507643699646,29.15257167816162
259290.0,204766.0,16474.0,36638.0,94146.0,0.36309151914844384,0.045472,32,10,64,100,20,20.030040979385376,28.6918785572052
259290.0,204766.0,16474.0,36638.0,94146.0,0.36309151914844384,0.045472,32,10,64,100,31,41.53853368759155,29.382485151290894
259290.0,204766.0,16474.0,36638.0,94146.0,0.36309151914844384,0.045472,32,10,64,100,40,67.62747550010681,28.850595235824585
259290.0,204766.0,16474.0,36638.0,94146.0,0.36309151914844384,0.045472,32,10,64,100,50,65.6822726726532,28.351053476333618
800890.0,665342.0,35354.0,97374.0,307714.0,0.3842150607449213,0.149952,64,10,64,100,1,2.6871867179870605,43.63835573196411
800890.0,665342.0,35354.0,97374.0,307714.0,0.3842150607449213,0.149952,64,10,64,100,10,10.816225051879883,29.596266984939575
800890.0,665342.0,35354.0,97374.0,307714.0,0.3842150607449213,0.149952,64,10,64,100,20,19.69485569000244,29.228498220443726
800890.0,665342.0,35354.0,97374.0,307714.0,0.3842150607449213,0.149952,64,10,64,100,31,56.49505686759949,29.123048067092896
800890.0,665342.0,35354.0,97374.0,307714.0,0.3842150607449213,0.149952,64,10,64,100,40,67.7194755077362,29.414550304412842
800890.0,665342.0,35354.0,97374.0,307714.0,0.3842150607449213,0.149952,64,10,64,100,50,64.65669369697571,29.08208656311035
126610.0,94422.0,11258.0,20222.0,43170.0,0.340968327936182,0.020688,16,12,64,100,1,3.4165027141571045,50.309067726135254
126610.0,94422.0,11258.0,20222.0,43170.0,0.340968327936182,0.020688,16,12,64,100,10,12.437757730484009,33.33877468109131
126610.0,94422.0,11258.0,20222.0,43170.0,0.340968327936182,0.020688,16,12,64,100,20,24.083181858062744,33.111573219299316
126610.0,94422.0,11258.0,20222.0,43170.0,0.340968327936182,0.020688,16,12,64,100,31,50.16630244255066,33.29762673377991
126610.0,94422.0,11258.0,20222.0,43170.0,0.340968327936182,0.020688,16,12,64,100,40,83.01653981208801,33.29856324195862
126610.0,94422.0,11258.0,20222.0,43170.0,0.340968327936182,0.020688,16,12,64,100,50,82.00702238082886,32.502681732177734
271458.0,214118.0,17626.0,38302.0,98498.0,0.3628480280559055,0.047584,32,12,64,100,1,3.0821664333343506,50.04895997047424
271458.0,214118.0,17626.0,38302.0,98498.0,0.3628480280559055,0.047584,32,12,64,100,10,12.333349227905273,33.84058666229248
271458.0,214118.0,17626.0,38302.0,98498.0,0.3628480280559055,0.047584,32,12,64,100,20,23.42705202102661,32.9288067817688
271458.0,214118.0,17626.0,38302.0,98498.0,0.3628480280559055,0.047584,32,12,64,100,31,48.68440365791321,33.69845771789551
271458.0,214118.0,17626.0,38302.0,98498.0,0.3628480280559055,0.047584,32,12,64,100,40,80.22476816177368,33.354470014572144
271458.0,214118.0,17626.0,38302.0,98498.0,0.3628480280559055,0.047584,32,12,64,100,50,78.92954897880554,32.49616980552673
813058.0,674694.0,36506.0,99038.0,312066.0,0.38381763662616936,0.152064,64,12,64,100,1,3.1660118103027344,50.36694836616516
813058.0,674694.0,36506.0,99038.0,312066.0,0.38381763662616936,0.152064,64,12,64,100,10,11.973307371139526,34.4605348110199
813058.0,674694.0,36506.0,99038.0,312066.0,0.38381763662616936,0.152064,64,12,64,100,20,23.002965688705444,33.64508080482483
813058.0,674694.0,36506.0,99038.0,312066.0,0.38381763662616936,0.152064,64,12,64,100,31,48.85629868507385,33.74781394004822
813058.0,674694.0,36506.0,99038.0,312066.0,0.38381763662616936,0.152064,64,12,64,100,40,96.81976127624512,33.8391273021698
813058.0,674694.0,36506.0,99038.0,312066.0,0.38381763662616936,0.152064,64,12,64,100,50,78.6172730922699,33.1034939289093
190458.0,158142.0,11258.0,20350.0,75042.0,0.39400812777620264,0.036624,16,6,64,100,1,2.1516261100769043,31.028382062911987
190458.0,158142.0,11258.0,20350.0,75042.0,0.39400812777620264,0.036624,16,6,64,100,10,8.477725744247437,20.3322696685791
190458.0,158142.0,11258.0,20350.0,75042.0,0.39400812777620264,0.036624,16,6,64,100,20,15.574650526046753,20.133713245391846
190458.0,158142.0,11258.0,20350.0,75042.0,0.39400812777620264,0.036624,16,6,64,100,31,29.523903369903564,20.49632215499878
190458.0,158142.0,11258.0,20350.0,75042.0,0.39400812777620264,0.036624,16,6,64,100,40,47.47357654571533,20.48219108581543
190458.0,158142.0,11258.0,20350.0,75042.0,0.39400812777620264,0.036624,16,6,64,100,50,44.041009187698364,20.114879846572876
439754.0,382286.0,17626.0,38430.0,182594.0,0.41521850852976894,0.089632,32,6,64,100,1,2.1092112064361572,30.692312002182007
439754.0,382286.0,17626.0,38430.0,182594.0,0.41521850852976894,0.089632,32,6,64,100,10,7.44615626335144,20.458402633666992
439754.0,382286.0,17626.0,38430.0,182594.0,0.41521850852976894,0.089632,32,6,64,100,20,13.831100463867188,20.172321796417236
439754.0,382286.0,17626.0,38430.0,182594.0,0.41521850852976894,0.089632,32,6,64,100,31,27.673336029052734,20.173341512680054
439754.0,382286.0,17626.0,38430.0,182594.0,0.41521850852976894,0.089632,32,6,64,100,40,46.1776168346405,20.39838671684265
439754.0,382286.0,17626.0,38430.0,182594.0,0.41521850852976894,0.089632,32,6,64,100,50,41.82113766670227,19.990365028381348
1386858.0,1248366.0,36506.0,99166.0,598914.0,0.4318495476826034,0.295488,64,6,64,100,1,1.919274091720581,30.519786834716797
1386858.0,1248366.0,36506.0,99166.0,598914.0,0.4318495476826034,0.295488,64,6,64,100,10,7.353785514831543,21.714166402816772
1386858.0,1248366.0,36506.0,99166.0,598914.0,0.4318495476826034,0.295488,64,6,64,100,20,13.47624945640564,21.353557348251343
1386858.0,1248366.0,36506.0,99166.0,598914.0,0.4318495476826034,0.295488,64,6,64,100,31,26.961571216583252,22.124739408493042
1386858.0,1248366.0,36506.0,99166.0,598914.0,0.4318495476826034,0.295488,64,6,64,100,40,43.9872670173645,21.4839608669281
1386858.0,1248366.0,36506.0,99166.0,598914.0,0.4318495476826034,0.295488,64,6,64,100,50,40.40180683135986,20.82356286048889
231170.0,193222.0,13562.0,23678.0,91938.0,0.39770731496301426,0.044944,16,8,64,100,1,2.397585153579712,38.22157168388367
231170.0,193222.0,13562.0,23678.0,91938.0,0.39770731496301426,0.044944,16,8,64,100,10,9.14878797531128,24.830015897750854
231170.0,193222.0,13562.0,23678.0,91938.0,0.39770731496301426,0.044944,16,8,64,100,20,17.58291268348694,24.701163053512573
231170.0,193222.0,13562.0,23678.0,91938.0,0.39770731496301426,0.044944,16,8,64,100,31,36.07972264289856,24.97408652305603
231170.0,193222.0,13562.0,23678.0,91938.0,0.39770731496301426,0.044944,16,8,64,100,40,59.50205159187317,25.100852489471436
231170.0,193222.0,13562.0,23678.0,91938.0,0.39770731496301426,0.044944,16,8,64,100,50,55.857579469680786,24.56840181350708
480466.0,417366.0,19930.0,41758.0,199490.0,0.4152010756224166,0.097952,32,8,64,100,1,2.4405479431152344,38.328311920166016
480466.0,417366.0,19930.0,41758.0,199490.0,0.4152010756224166,0.097952,32,8,64,100,10,8.898915767669678,25.16031765937805
480466.0,417366.0,19930.0,41758.0,199490.0,0.4152010756224166,0.097952,32,8,64,100,20,17.01720952987671,24.801825523376465
480466.0,417366.0,19930.0,41758.0,199490.0,0.4152010756224166,0.097952,32,8,64,100,31,34.42160892486572,24.83867645263672
480466.0,417366.0,19930.0,41758.0,199490.0,0.4152010756224166,0.097952,32,8,64,100,40,55.72111129760742,24.879063367843628
480466.0,417366.0,19930.0,41758.0,199490.0,0.4152010756224166,0.097952,32,8,64,100,50,73.93957710266113,24.5374755859375
1427570.0,1283446.0,38810.0,102494.0,615810.0,0.4313693899423496,0.303808,64,8,64,100,1,2.506769895553589,37.841294050216675
1427570.0,1283446.0,38810.0,102494.0,615810.0,0.4313693899423496,0.303808,64,8,64,100,10,8.73384952545166,25.800782203674316
1427570.0,1283446.0,38810.0,102494.0,615810.0,0.4313693899423496,0.303808,64,8,64,100,20,16.542577505111694,25.38464593887329
1427570.0,1283446.0,38810.0,102494.0,615810.0,0.4313693899423496,0.303808,64,8,64,100,31,33.77231025695801,25.985880136489868
1427570.0,1283446.0,38810.0,102494.0,615810.0,0.4313693899423496,0.303808,64,8,64,100,40,55.24681639671326,25.381319999694824
1427570.0,1283446.0,38810.0,102494.0,615810.0,0.4313693899423496,0.303808,64,8,64,100,50,52.3198778629303,24.853679418563843
271882.0,228302.0,15866.0,27006.0,108834.0,0.40029865897705624,0.053264,16,10,64,100,1,3.1613805294036865,44.723875999450684
271882.0,228302.0,15866.0,27006.0,108834.0,0.40029865897705624,0.053264,16,10,64,100,10,10.914683103561401,29.427947998046875
271882.0,228302.0,15866.0,27006.0,108834.0,0.40029865897705624,0.053264,16,10,64,100,20,20.953006267547607,29.058435440063477
271882.0,228302.0,15866.0,27006.0,108834.0,0.40029865897705624,0.053264,16,10,64,100,31,43.17232370376587,29.581407070159912
271882.0,228302.0,15866.0,27006.0,108834.0,0.40029865897705624,0.053264,16,10,64,100,40,70.97952175140381,29.520079135894775
271882.0,228302.0,15866.0,27006.0,108834.0,0.40029865897705624,0.053264,16,10,64,100,50,82.7915997505188,29.04148817062378
521178.0,452446.0,22234.0,45086.0,216386.0,0.415186366270257,0.106272,32,10,64,100,1,2.9285480976104736,44.83568334579468
521178.0,452446.0,22234.0,45086.0,216386.0,0.415186366270257,0.106272,32,10,64,100,10,10.643606901168823,29.569252014160156
521178.0,452446.0,22234.0,45086.0,216386.0,0.415186366270257,0.106272,32,10,64,100,20,20.500669479370117,29.34805154800415
521178.0,452446.0,22234.0,45086.0,216386.0,0.415186366270257,0.106272,32,10,64,100,31,41.825125217437744,29.392263650894165
521178.0,452446.0,22234.0,45086.0,216386.0,0.415186366270257,0.106272,32,10,64,100,40,68.29891061782837,29.405728340148926
521178.0,452446.0,22234.0,45086.0,216386.0,0.415186366270257,0.106272,32,10,64,100,50,66.00176858901978,28.971425771713257
1468282.0,1318526.0,41114.0,105822.0,632706.0,0.4309158594874827,0.312128,64,10,64,100,1,2.801966667175293,44.16697859764099
1468282.0,1318526.0,41114.0,105822.0,632706.0,0.4309158594874827,0.312128,64,10,64,100,10,10.387734174728394,30.407464504241943
1468282.0,1318526.0,41114.0,105822.0,632706.0,0.4309158594874827,0.312128,64,10,64,100,20,19.651443243026733,29.77280020713806
1468282.0,1318526.0,41114.0,105822.0,632706.0,0.4309158594874827,0.312128,64,10,64,100,31,40.88379192352295,30.12675380706787
1468282.0,1318526.0,41114.0,105822.0,632706.0,0.4309158594874827,0.312128,64,10,64,100,40,67.3610532283783,29.82478380203247
1468282.0,1318526.0,41114.0,105822.0,632706.0,0.4309158594874827,0.312128,64,10,64,100,50,64.31510329246521,29.290990829467773
312594.0,263382.0,18170.0,30334.0,125730.0,0.40221501372387186,0.061584,16,12,64,100,1,3.311467409133911,51.32056021690369
312594.0,263382.0,18170.0,30334.0,125730.0,0.40221501372387186,0.061584,16,12,64,100,10,12.49059796333313,34.19756078720093
312594.0,263382.0,18170.0,30334.0,125730.0,0.40221501372387186,0.061584,16,12,64,100,20,24.32746458053589,33.60280728340149
312594.0,263382.0,18170.0,30334.0,125730.0,0.40221501372387186,0.061584,16,12,64,100,31,50.678661823272705,34.112396001815796
312594.0,263382.0,18170.0,30334.0,125730.0,0.40221501372387186,0.061584,16,12,64,100,40,107.64827871322632,34.14665985107422
312594.0,263382.0,18170.0,30334.0,125730.0,0.40221501372387186,0.061584,16,12,64,100,50,83.55978655815125,33.51105237007141
561890.0,487526.0,24538.0,48414.0,233282.0,0.4151737884639342,0.114592,32,12,64,100,1,3.119070529937744,51.97691202163696
561890.0,487526.0,24538.0,48414.0,233282.0,0.4151737884639342,0.114592,32,12,64,100,10,12.28026795387268,34.19581437110901
561890.0,487526.0,24538.0,48414.0,233282.0,0.4151737884639342,0.114592,32,12,64,100,20,23.838040113449097,34.00689649581909
561890.0,487526.0,24538.0,48414.0,233282.0,0.4151737884639342,0.114592,32,12,64,100,31,49.39371299743652,34.2003128528595
561890.0,487526.0,24538.0,48414.0,233282.0,0.4151737884639342,0.114592,32,12,64,100,40,82.589022397995,34.24917006492615
561890.0,487526.0,24538.0,48414.0,233282.0,0.4151737884639342,0.114592,32,12,64,100,50,80.61110162734985,33.3730206489563
1508994.0,1353606.0,43418.0,109150.0,649602.0,0.43048680114036236,0.320448,64,12,64,100,1,3.1270010471343994,51.27766013145447
1508994.0,1353606.0,43418.0,109150.0,649602.0,0.43048680114036236,0.320448,64,12,64,100,10,12.128719329833984,35.64251685142517
1508994.0,1353606.0,43418.0,109150.0,649602.0,0.43048680114036236,0.320448,64,12,64,100,20,23.11942744255066,34.66600179672241
1508994.0,1353606.0,43418.0,109150.0,649602.0,0.43048680114036236,0.320448,64,12,64,100,31,49.230292558670044,34.41597533226013
1508994.0,1353606.0,43418.0,109150.0,649602.0,0.43048680114036236,0.320448,64,12,64,100,40,81.20674443244934,34.84185242652893
1508994.0,1353606.0,43418.0,109150.0,649602.0,0.43048680114036236,0.320448,64,12,64,100,50,78.90755009651184,33.848305225372314
489466.0,439998.0,18170.0,30590.0,214050.0,0.43731331696175013,0.105744,16,6,64,100,1,2.344141960144043,29.081076622009277
489466.0,439998.0,18170.0,30590.0,214050.0,0.43731331696175013,0.105744,16,6,64,100,10,8.111444234848022,19.306458234786987
489466.0,439998.0,18170.0,30590.0,214050.0,0.43731331696175013,0.105744,16,6,64,100,20,14.92815113067627,19.116116523742676
489466.0,439998.0,18170.0,30590.0,214050.0,0.43731331696175013,0.105744,16,6,64,100,31,30.078172206878662,19.38034725189209
489466.0,439998.0,18170.0,30590.0,214050.0,0.43731331696175013,0.105744,16,6,64,100,40,48.84493136405945,19.364269256591797
489466.0,439998.0,18170.0,30590.0,214050.0,0.43731331696175013,0.105744,16,6,64,100,50,44.35717535018921,18.976343870162964
947658.0,873038.0,24538.0,48670.0,426050.0,0.4495820222063234,0.210976,32,6,64,100,1,2.0697648525238037,30.135218381881714
947658.0,873038.0,24538.0,48670.0,426050.0,0.4495820222063234,0.210976,32,6,64,100,10,7.7174341678619385,21.80589461326599
947658.0,873038.0,24538.0,48670.0,426050.0,0.4495820222063234,0.210976,32,6,64,100,20,14.137210607528687,21.61498188972473
947658.0,873038.0,24538.0,48670.0,426050.0,0.4495820222063234,0.210976,32,6,64,100,31,27.610084056854248,21.94974684715271
947658.0,873038.0,24538.0,48670.0,426050.0,0.4495820222063234,0.210976,32,6,64,100,40,45.058491230010986,21.852079391479492
947658.0,873038.0,24538.0,48670.0,426050.0,0.4495820222063234,0.210976,32,6,64,100,50,41.41036772727966,21.218581438064575
2705770.0,2550126.0,43418.0,109406.0,1247874.0,0.4611899754968087,0.619584,64,6,64,100,1,1.9078266620635986,31.53376293182373
2705770.0,2550126.0,43418.0,109406.0,1247874.0,0.4611899754968087,0.619584,64,6,64,100,10,7.4142985343933105,24.5449001789093
2705770.0,2550126.0,43418.0,109406.0,1247874.0,0.4611899754968087,0.619584,64,6,64,100,20,13.791248559951782,23.802927494049072
2705770.0,2550126.0,43418.0,109406.0,1247874.0,0.4611899754968087,0.619584,64,6,64,100,31,27.27081537246704,25.687554836273193
2705770.0,2550126.0,43418.0,109406.0,1247874.0,0.4611899754968087,0.619584,64,6,64,100,40,80.75510454177856,23.783915519714355
2705770.0,2550126.0,43418.0,109406.0,1247874.0,0.4611899754968087,0.619584,64,6,64,100,50,41.93313670158386,23.356056928634644
636418.0,575686.0,22778.0,37246.0,280610.0,0.44092090418561386,0.138768,16,8,64,100,1,2.419713020324707,36.21550273895264
636418.0,575686.0,22778.0,37246.0,280610.0,0.44092090418561386,0.138768,16,8,64,100,10,9.184336423873901,23.666956424713135
636418.0,575686.0,22778.0,37246.0,280610.0,0.44092090418561386,0.138768,16,8,64,100,20,17.73862862586975,23.269822597503662
636418.0,575686.0,22778.0,37246.0,280610.0,0.44092090418561386,0.138768,16,8,64,100,31,36.630935192108154,23.52233600616455
636418.0,575686.0,22778.0,37246.0,280610.0,0.44092090418561386,0.138768,16,8,64,100,40,60.1559681892395,23.636373043060303
636418.0,575686.0,22778.0,37246.0,280610.0,0.44092090418561386,0.138768,16,8,64,100,50,56.13880228996277,23.054064512252808
1094610.0,1008726.0,29146.0,55326.0,492610.0,0.4500324316423201,0.244,32,8,64,100,1,2.394454002380371,37.20463538169861
1094610.0,1008726.0,29146.0,55326.0,492610.0,0.4500324316423201,0.244,32,8,64,100,10,9.386572360992432,26.613182544708252
1094610.0,1008726.0,29146.0,55326.0,492610.0,0.4500324316423201,0.244,32,8,64,100,20,16.883917808532715,26.165481090545654
1094610.0,1008726.0,29146.0,55326.0,492610.0,0.4500324316423201,0.244,32,8,64,100,31,34.279664516448975,26.342687368392944
1094610.0,1008726.0,29146.0,55326.0,492610.0,0.4500324316423201,0.244,32,8,64,100,40,55.96995449066162,26.32772445678711
1094610.0,1008726.0,29146.0,55326.0,492610.0,0.4500324316423201,0.244,32,8,64,100,50,53.28349280357361,25.650421380996704
2852722.0,2685814.0,48026.0,116062.0,1314434.0,0.4607648414391588,0.652608,64,8,64,100,1,2.311429023742676,38.24815344810486
2852722.0,2685814.0,48026.0,116062.0,1314434.0,0.4607648414391588,0.652608,64,8,64,100,10,8.938590049743652,29.347081899642944
2852722.0,2685814.0,48026.0,116062.0,1314434.0,0.4607648414391588,0.652608,64,8,64,100,20,17.061084508895874,28.353309631347656
2852722.0,2685814.0,48026.0,116062.0,1314434.0,0.4607648414391588,0.652608,64,8,64,100,31,34.18138265609741,30.49413514137268
2852722.0,2685814.0,48026.0,116062.0,1314434.0,0.4607648414391588,0.652608,64,8,64,100,40,57.02713966369629,28.330400228500366
2852722.0,2685814.0,48026.0,116062.0,1314434.0,0.4607648414391588,0.652608,64,8,64,100,50,53.47924208641052,27.964558362960815
783370.0,711374.0,27386.0,43902.0,347170.0,0.443175000319134,0.171792,16,10,64,100,1,2.691045045852661,42.83247971534729
783370.0,711374.0,27386.0,43902.0,347170.0,0.443175000319134,0.171792,16,10,64,100,10,10.881652355194092,27.75159239768982
783370.0,711374.0,27386.0,43902.0,347170.0,0.443175000319134,0.171792,16,10,64,100,20,20.916651964187622,27.492854118347168
783370.0,711374.0,27386.0,43902.0,347170.0,0.443175000319134,0.171792,16,10,64,100,31,43.51320958137512,27.73867416381836
783370.0,711374.0,27386.0,43902.0,347170.0,0.443175000319134,0.171792,16,10,64,100,40,72.41705799102783,27.980472087860107
783370.0,711374.0,27386.0,43902.0,347170.0,0.443175000319134,0.171792,16,10,64,100,50,69.65364575386047,27.396437168121338
1241562.0,1144414.0,33754.0,61982.0,559170.0,0.45037621963301067,0.277024,32,10,64,100,1,2.9841158390045166,43.327696561813354
1241562.0,1144414.0,33754.0,61982.0,559170.0,0.45037621963301067,0.277024,32,10,64,100,10,10.90657663345337,31.143010139465332
1241562.0,1144414.0,33754.0,61982.0,559170.0,0.45037621963301067,0.277024,32,10,64,100,20,20.44209885597229,30.680641889572144
1241562.0,1144414.0,33754.0,61982.0,559170.0,0.45037621963301067,0.277024,32,10,64,100,31,41.19525933265686,30.99836492538452
1241562.0,1144414.0,33754.0,61982.0,559170.0,0.45037621963301067,0.277024,32,10,64,100,40,68.46634864807129,31.02289056777954
1241562.0,1144414.0,33754.0,61982.0,559170.0,0.45037621963301067,0.277024,32,10,64,100,50,65.58503103256226,30.02492094039917
2999674.0,2821502.0,52634.0,122718.0,1380994.0,0.4603813614412766,0.685632,64,10,64,100,1,4.826441764831543,45.2607741355896
2999674.0,2821502.0,52634.0,122718.0,1380994.0,0.4603813614412766,0.685632,64,10,64,100,10,10.67566990852356,33.25576567649841
2999674.0,2821502.0,52634.0,122718.0,1380994.0,0.4603813614412766,0.685632,64,10,64,100,20,20.49661159515381,32.81501579284668
2999674.0,2821502.0,52634.0,122718.0,1380994.0,0.4603813614412766,0.685632,64,10,64,100,31,87.51553773880005,35.257725954055786
2999674.0,2821502.0,52634.0,122718.0,1380994.0,0.4603813614412766,0.685632,64,10,64,100,40,69.65390157699585,32.87694716453552
2999674.0,2821502.0,52634.0,122718.0,1380994.0,0.4603813614412766,0.685632,64,10,64,100,50,66.06812310218811,32.28872466087341
930322.0,847062.0,31994.0,50558.0,413730.0,0.44471699046136715,0.204816,16,12,64,100,1,3.3996667861938477,49.17360281944275
930322.0,847062.0,31994.0,50558.0,413730.0,0.44471699046136715,0.204816,16,12,64,100,10,12.873947858810425,32.35578775405884
930322.0,847062.0,31994.0,50558.0,413730.0,0.44471699046136715,0.204816,16,12,64,100,20,24.627729415893555,31.677106380462646
930322.0,847062.0,31994.0,50558.0,413730.0,0.44471699046136715,0.204816,16,12,64,100,31,51.48043513298035,32.11411237716675
930322.0,847062.0,31994.0,50558.0,413730.0,0.44471699046136715,0.204816,16,12,64,100,40,85.66214346885681,32.36392045021057
930322.0,847062.0,31994.0,50558.0,413730.0,0.44471699046136715,0.204816,16,12,64,100,50,82.23285555839539,31.419805765151978
1388514.0,1280102.0,38362.0,68638.0,625730.0,0.45064723870267065,0.310048,32,12,64,100,1,3.0867812633514404,49.85051226615906
1388514.0,1280102.0,38362.0,68638.0,625730.0,0.45064723870267065,0.310048,32,12,64,100,10,12.642781257629395,36.26929593086243
1388514.0,1280102.0,38362.0,68638.0,625730.0,0.45064723870267065,0.310048,32,12,64,100,20,24.957700490951538,35.424556255340576
1388514.0,1280102.0,38362.0,68638.0,625730.0,0.45064723870267065,0.310048,32,12,64,100,31,49.90975618362427,35.609058141708374
1388514.0,1280102.0,38362.0,68638.0,625730.0,0.45064723870267065,0.310048,32,12,64,100,40,83.36608815193176,35.77610206604004
1388514.0,1280102.0,38362.0,68638.0,625730.0,0.45064723870267065,0.310048,32,12,64,100,50,80.30195999145508,34.512109994888306
3146626.0,2957190.0,57242.0,129374.0,1447554.0,0.4600336995880667,0.718656,64,12,64,100,1,3.221278190612793,52.660232067108154
3146626.0,2957190.0,57242.0,129374.0,1447554.0,0.4600336995880667,0.718656,64,12,64,100,10,12.588677644729614,38.4840567111969
3146626.0,2957190.0,57242.0,129374.0,1447554.0,0.4600336995880667,0.718656,64,12,64,100,20,24.54439353942871,37.361528635025024
3146626.0,2957190.0,57242.0,129374.0,1447554.0,0.4600336995880667,0.718656,64,12,64,100,31,49.49256491661072,40.103267431259155
3146626.0,2957190.0,57242.0,129374.0,1447554.0,0.4600336995880667,0.718656,64,12,64,100,40,83.11391878128052,37.42254829406738
3146626.0,2957190.0,57242.0,129374.0,1447554.0,0.4600336995880667,0.718656,64,12,64,100,50,80.77376222610474,36.697380781173706
1480698.0,1396926.0,31994.0,51070.0,688674.0,0.4651009186208126,0.342288,16,6,64,100,1,2.186720371246338,28.191420555114746
1480698.0,1396926.0,31994.0,51070.0,688674.0,0.4651009186208126,0.342288,16,6,64,100,10,8.16920280456543,21.512855052947998
1480698.0,1396926.0,31994.0,51070.0,688674.0,0.4651009186208126,0.342288,16,6,64,100,20,15.492270469665527,21.088409423828125
1480698.0,1396926.0,31994.0,51070.0,688674.0,0.4651009186208126,0.342288,16,6,64,100,31,30.492430448532104,22.12614154815674
1480698.0,1396926.0,31994.0,51070.0,688674.0,0.4651009186208126,0.342288,16,6,64,100,40,48.77888488769531,21.458908796310425
1480698.0,1396926.0,31994.0,51070.0,688674.0,0.4651009186208126,0.342288,16,6,64,100,50,44.52263021469116,20.84908103942871
2356682.0,2247758.0,38362.0,69150.0,1109570.0,0.47081871885982074,0.551968,32,6,64,100,1,1.9406347274780273,31.282058000564575
2356682.0,2247758.0,38362.0,69150.0,1109570.0,0.47081871885982074,0.551968,32,6,64,100,10,7.414371013641357,23.398049354553223
2356682.0,2247758.0,38362.0,69150.0,1109570.0,0.47081871885982074,0.551968,32,6,64,100,20,13.974474430084229,22.858575105667114
2356682.0,2247758.0,38362.0,69150.0,1109570.0,0.47081871885982074,0.551968,32,6,64,100,31,28.458932876586914,24.09521794319153
2356682.0,2247758.0,38362.0,69150.0,1109570.0,0.47081871885982074,0.551968,32,6,64,100,40,45.85609793663025,23.082783460617065
2356682.0,2247758.0,38362.0,69150.0,1109570.0,0.47081871885982074,0.551968,32,6,64,100,50,92.84402298927307,22.588254690170288
5736810.0,5546862.0,57242.0,129886.0,2742402.0,0.4780360513944161,1.36608,64,6,64,100,1,2.1632676124572754,38.102622270584106
5736810.0,5546862.0,57242.0,129886.0,2742402.0,0.4780360513944161,1.36608,64,6,64,100,10,7.686606168746948,31.756980180740356
5736810.0,5546862.0,57242.0,129886.0,2742402.0,0.4780360513944161,1.36608,64,6,64,100,20,13.843013286590576,31.09036350250244
5736810.0,5546862.0,57242.0,129886.0,2742402.0,0.4780360513944161,1.36608,64,6,64,100,31,28.684788703918457,32.60744619369507
5736810.0,5546862.0,57242.0,129886.0,2742402.0,0.4780360513944161,1.36608,64,6,64,100,40,45.91866326332092,31.38614821434021
5736810.0,5546862.0,57242.0,129886.0,2742402.0,0.4780360513944161,1.36608,64,6,64,100,50,42.12891864776611,30.71503257751465
2036738.0,1930438.0,41210.0,64382.0,952866.0,0.46783926062164105,0.473872,16,8,64,100,1,2.335191488265991,36.10705375671387
2036738.0,1930438.0,41210.0,64382.0,952866.0,0.46783926062164105,0.473872,16,8,64,100,10,9.398567199707031,27.357178211212158
2036738.0,1930438.0,41210.0,64382.0,952866.0,0.46783926062164105,0.473872,16,8,64,100,20,17.63804054260254,26.66284203529358
2036738.0,1930438.0,41210.0,64382.0,952866.0,0.46783926062164105,0.473872,16,8,64,100,31,37.46403503417969,27.963186025619507
2036738.0,1930438.0,41210.0,64382.0,952866.0,0.46783926062164105,0.473872,16,8,64,100,40,60.5929229259491,26.614487409591675
2036738.0,1930438.0,41210.0,64382.0,952866.0,0.46783926062164105,0.473872,16,8,64,100,50,56.27588891983032,26.18116283416748
2912722.0,2781270.0,47578.0,82462.0,1373762.0,0.4716419898637769,0.683552,32,8,64,100,1,2.3602137565612793,39.73097562789917
2912722.0,2781270.0,47578.0,82462.0,1373762.0,0.4716419898637769,0.683552,32,8,64,100,10,9.062137842178345,29.43057370185852
2912722.0,2781270.0,47578.0,82462.0,1373762.0,0.4716419898637769,0.683552,32,8,64,100,20,17.13788342475891,28.901618242263794
2912722.0,2781270.0,47578.0,82462.0,1373762.0,0.4716419898637769,0.683552,32,8,64,100,31,35.181859731674194,30.25791835784912
2912722.0,2781270.0,47578.0,82462.0,1373762.0,0.4716419898637769,0.683552,32,8,64,100,40,57.546905755996704,29.008394241333008
2912722.0,2781270.0,47578.0,82462.0,1373762.0,0.4716419898637769,0.683552,32,8,64,100,50,53.878613233566284,28.495907068252563
6292850.0,6080374.0,66458.0,143198.0,3006594.0,0.4777793845395965,1.497664,64,8,64,100,1,2.311195135116577,46.12771224975586
6292850.0,6080374.0,66458.0,143198.0,3006594.0,0.4777793845395965,1.497664,64,8,64,100,10,9.135730028152466,37.860677003860474
6292850.0,6080374.0,66458.0,143198.0,3006594.0,0.4777793845395965,1.497664,64,8,64,100,20,17.15145182609558,36.98397493362427
6292850.0,6080374.0,66458.0,143198.0,3006594.0,0.4777793845395965,1.497664,64,8,64,100,31,35.664557456970215,38.87562680244446
6292850.0,6080374.0,66458.0,143198.0,3006594.0,0.4777793845395965,1.497664,64,8,64,100,40,57.446741819381714,37.207324743270874
6292850.0,6080374.0,66458.0,143198.0,3006594.0,0.4777793845395965,1.497664,64,8,64,100,50,54.1773157119751,36.495089292526245
2592778.0,2463950.0,50426.0,77694.0,1217058.0,0.46940308811629844,0.605456,16,10,64,100,1,2.732475757598877,44.57961893081665
2592778.0,2463950.0,50426.0,77694.0,1217058.0,0.46940308811629844,0.605456,16,10,64,100,10,11.206531047821045,33.295517444610596
2592778.0,2463950.0,50426.0,77694.0,1217058.0,0.46940308811629844,0.605456,16,10,64,100,20,21.0572772026062,32.29248523712158
2592778.0,2463950.0,50426.0,77694.0,1217058.0,0.46940308811629844,0.605456,16,10,64,100,31,44.5504937171936,33.84399676322937
2592778.0,2463950.0,50426.0,77694.0,1217058.0,0.46940308811629844,0.605456,16,10,64,100,40,73.8006579875946,32.81530404090881
2592778.0,2463950.0,50426.0,77694.0,1217058.0,0.46940308811629844,0.605456,16,10,64,100,50,69.08449411392212,31.872246980667114
3468762.0,3314782.0,56794.0,95774.0,1637954.0,0.4722013213936269,0.815136,32,10,64,100,1,2.7378501892089844,47.51274871826172
3468762.0,3314782.0,56794.0,95774.0,1637954.0,0.4722013213936269,0.815136,32,10,64,100,10,10.873372077941895,36.00646662712097
3468762.0,3314782.0,56794.0,95774.0,1637954.0,0.4722013213936269,0.815136,32,10,64,100,20,20.497380018234253,35.27617907524109
3468762.0,3314782.0,56794.0,95774.0,1637954.0,0.4722013213936269,0.815136,32,10,64,100,31,42.665297985076904,37.40850472450256
3468762.0,3314782.0,56794.0,95774.0,1637954.0,0.4722013213936269,0.815136,32,10,64,100,40,70.36417818069458,35.98736047744751
3468762.0,3314782.0,56794.0,95774.0,1637954.0,0.4722013213936269,0.815136,32,10,64,100,50,66.84276151657104,35.100892066955566
6848890.0,6613886.0,75674.0,156510.0,3270786.0,0.4775643936462697,1.629248,64,10,64,100,1,2.761741876602173,54.015836000442505
6848890.0,6613886.0,75674.0,156510.0,3270786.0,0.4775643936462697,1.629248,64,10,64,100,10,10.931571006774902,43.709455728530884
6848890.0,6613886.0,75674.0,156510.0,3270786.0,0.4775643936462697,1.629248,64,10,64,100,20,20.793515920639038,42.9321928024292
6848890.0,6613886.0,75674.0,156510.0,3270786.0,0.4775643936462697,1.629248,64,10,64,100,31,43.29063940048218,44.968424558639526
6848890.0,6613886.0,75674.0,156510.0,3270786.0,0.4775643936462697,1.629248,64,10,64,100,40,121.11032748222351,43.27655577659607
6848890.0,6613886.0,75674.0,156510.0,3270786.0,0.4775643936462697,1.629248,64,10,64,100,50,68.6613416671753,42.409379959106445
3148818.0,2997462.0,59642.0,91006.0,1481250.0,0.47041461272134494,0.73704,16,12,64,100,1,3.8207712173461914,52.94158411026001
3148818.0,2997462.0,59642.0,91006.0,1481250.0,0.47041461272134494,0.73704,16,12,64,100,10,23.65630006790161,39.29239583015442
3148818.0,2997462.0,59642.0,91006.0,1481250.0,0.47041461272134494,0.73704,16,12,64,100,20,34.73610305786133,38.25609111785889
3148818.0,2997462.0,59642.0,91006.0,1481250.0,0.47041461272134494,0.73704,16,12,64,100,31,60.39659261703491,40.70716667175293
3148818.0,2997462.0,59642.0,91006.0,1481250.0,0.47041461272134494,0.73704,16,12,64,100,40,99.62658524513245,39.152093172073364
3148818.0,2997462.0,59642.0,91006.0,1481250.0,0.47041461272134494,0.73704,16,12,64,100,50,91.20254230499268,38.122809648513794
4024802.0,3848294.0,66010.0,109086.0,1902146.0,0.47260610584073454,0.94672,32,12,64,100,1,3.5985379219055176,56.07174372673035
4024802.0,3848294.0,66010.0,109086.0,1902146.0,0.47260610584073454,0.94672,32,12,64,100,10,14.274933815002441,42.200947999954224
4024802.0,3848294.0,66010.0,109086.0,1902146.0,0.47260610584073454,0.94672,32,12,64,100,20,25.275817394256592,41.686283826828
4024802.0,3848294.0,66010.0,109086.0,1902146.0,0.47260610584073454,0.94672,32,12,64,100,31,49.61082720756531,44.09681010246277
4024802.0,3848294.0,66010.0,109086.0,1902146.0,0.47260610584073454,0.94672,32,12,64,100,40,81.63098454475403,42.29554319381714
4024802.0,3848294.0,66010.0,109086.0,1902146.0,0.47260610584073454,0.94672,32,12,64,100,50,80.226083278656,41.462472438812256
7404930.0,7147398.0,84890.0,169822.0,3534978.0,0.47738169030632294,1.760832,64,12,64,100,1,3.347738265991211,62.12984228134155
7404930.0,7147398.0,84890.0,169822.0,3534978.0,0.47738169030632294,1.760832,64,12,64,100,10,12.49691390991211,49.82766580581665
7404930.0,7147398.0,84890.0,169822.0,3534978.0,0.47738169030632294,1.760832,64,12,64,100,20,25.3022518157959,48.87155246734619
7404930.0,7147398.0,84890.0,169822.0,3534978.0,0.47738169030632294,1.760832,64,12,64,100,31,49.97058606147766,51.21563673019409
7404930.0,7147398.0,84890.0,169822.0,3534978.0,0.47738169030632294,1.760832,64,12,64,100,40,91.12420701980591,49.171875953674316
7404930.0,7147398.0,84890.0,169822.0,3534978.0,0.47738169030632294,1.760832,64,12,64,100,50,81.46547031402588,48.3704948425293
52218.0,32766.0,6074.0,12670.0,13794.0,0.2641617832931173,0.006288,16,6,64,200,1,2.4947190284729004,56.84841752052307
52218.0,32766.0,6074.0,12670.0,13794.0,0.2641617832931173,0.006288,16,6,64,200,20,17.241795301437378,38.74022960662842
52218.0,32766.0,6074.0,12670.0,13794.0,0.2641617832931173,0.006288,16,6,64,200,40,39.48945641517639,38.75983381271362
52218.0,32766.0,6074.0,12670.0,13794.0,0.2641617832931173,0.006288,16,6,64,200,61,79.29921674728394,40.36190676689148
52218.0,32766.0,6074.0,12670.0,13794.0,0.2641617832931173,0.006288,16,6,64,200,80,139.87747192382812,39.19280815124512
