step_bytes_access,step_bytes_access_op0,step_bytes_access_op1,step_bytes_access_out,step_flops,step_ai,params,dim,depths,w128,w256,w512,w512lg,batch_size,num_timesteps,unroll,compilation_time,execution_time
37545348.0,37015432.0,195482.0,331614.0,18438276.0,0.49109349046385187,9.206336,64,12,0,0,0,12,128,50,1,3.993567943572998,86.53637766838074
37545348.0,37015432.0,195482.0,331614.0,18438276.0,0.49109349046385187,9.206336,64,12,0,0,0,12,128,50,5,8.943297863006592,77.52695083618164
37545348.0,37015432.0,195482.0,331614.0,18438276.0,0.49109349046385187,9.206336,64,12,0,0,0,12,128,50,10,15.389709711074829,77.40748119354248
37545348.0,37015432.0,195482.0,331614.0,18438276.0,0.49109349046385187,9.206336,64,12,0,0,0,12,128,50,15,32.991175413131714,81.4420747756958
37545348.0,37015432.0,195482.0,331614.0,18438276.0,0.49109349046385187,9.206336,64,12,0,0,0,12,128,50,20,44.32260274887085,77.35003590583801
37545348.0,37015432.0,195482.0,331614.0,18438276.0,0.49109349046385187,9.206336,64,12,0,0,0,12,128,50,25,40.81119990348816,76.12782549858093
27677156.0,27228264.0,176602.0,270878.0,13561410.0,0.489985676273964,6.770208,32,12,0,0,0,12,128,50,1,4.18729043006897,75.30058264732361
27677156.0,27228264.0,176602.0,270878.0,13561410.0,0.489985676273964,6.770208,32,12,0,0,0,12,128,50,5,9.446985006332397,66.38250136375427
27677156.0,27228264.0,176602.0,270878.0,13561410.0,0.489985676273964,6.770208,32,12,0,0,0,12,128,50,10,15.898492097854614,66.11983633041382
27677156.0,27228264.0,176602.0,270878.0,13561410.0,0.489985676273964,6.770208,32,12,0,0,0,12,128,50,15,33.441672801971436,70.28108215332031
27677156.0,27228264.0,176602.0,270878.0,13561410.0,0.489985676273964,6.770208,32,12,0,0,0,12,128,50,20,44.8960657119751,65.79803943634033
27677156.0,27228264.0,176602.0,270878.0,13561410.0,0.489985676273964,6.770208,32,12,0,0,0,12,128,50,25,41.10564565658569,64.79827547073364
25130004.0,24706264.0,170234.0,252798.0,12304930.0,0.48965093678457033,6.142736,16,12,0,0,0,12,128,50,1,4.468493223190308,71.23749303817749
25130004.0,24706264.0,170234.0,252798.0,12304930.0,0.48965093678457033,6.142736,16,12,0,0,0,12,128,50,5,9.578062772750854,63.18398666381836
25130004.0,24706264.0,170234.0,252798.0,12304930.0,0.48965093678457033,6.142736,16,12,0,0,0,12,128,50,10,16.83169150352478,62.893688440322876
25130004.0,24706264.0,170234.0,252798.0,12304930.0,0.48965093678457033,6.142736,16,12,0,0,0,12,128,50,15,34.84125518798828,66.43768239021301
25130004.0,24706264.0,170234.0,252798.0,12304930.0,0.48965093678457033,6.142736,16,12,0,0,0,12,128,50,20,46.79321026802063,62.59274649620056
25130004.0,24706264.0,170234.0,252798.0,12304930.0,0.48965093678457033,6.142736,16,12,0,0,0,12,128,50,25,42.53712868690491,61.90754222869873
32731516.0,32269184.0,167834.0,291678.0,16072834.0,0.4910507047702893,8.025152,64,10,0,0,0,10,128,50,1,3.4133341312408447,74.3087248802185
32731516.0,32269184.0,167834.0,291678.0,16072834.0,0.4910507047702893,8.025152,64,10,0,0,0,10,128,50,5,8.79487657546997,67.36139249801636
32731516.0,32269184.0,167834.0,291678.0,16072834.0,0.4910507047702893,8.025152,64,10,0,0,0,10,128,50,10,13.769136428833008,67.06596398353577
32731516.0,32269184.0,167834.0,291678.0,16072834.0,0.4910507047702893,8.025152,64,10,0,0,0,10,128,50,15,29.015048503875732,70.45796799659729
32731516.0,32269184.0,167834.0,291678.0,16072834.0,0.4910507047702893,8.025152,64,10,0,0,0,10,128,50,20,38.71562457084656,67.03348088264465
32731516.0,32269184.0,167834.0,291678.0,16072834.0,0.4910507047702893,8.025152,64,10,0,0,0,10,128,50,25,34.511796951293945,66.06942963600159
22863324.0,22482016.0,148954.0,230942.0,11195970.0,0.48969126274027347,5.589024,32,10,0,0,0,10,128,50,1,3.369939088821411,63.31760835647583
22863324.0,22482016.0,148954.0,230942.0,11195970.0,0.48969126274027347,5.589024,32,10,0,0,0,10,128,50,5,8.89136290550232,56.85762000083923
22863324.0,22482016.0,148954.0,230942.0,11195970.0,0.48969126274027347,5.589024,32,10,0,0,0,10,128,50,10,13.624751091003418,56.26681637763977
22863324.0,22482016.0,148954.0,230942.0,11195970.0,0.48969126274027347,5.589024,32,10,0,0,0,10,128,50,15,28.5245099067688,58.7351016998291
22863324.0,22482016.0,148954.0,230942.0,11195970.0,0.48969126274027347,5.589024,32,10,0,0,0,10,128,50,20,38.5858428478241,55.43447256088257
22863324.0,22482016.0,148954.0,230942.0,11195970.0,0.48969126274027347,5.589024,32,10,0,0,0,10,128,50,25,35.45236778259277,54.76895189285278
20316172.0,19960016.0,142586.0,212862.0,9939490.0,0.48924029585888523,4.961552,16,10,0,0,0,10,128,50,1,3.4385313987731934,59.52815103530884
20316172.0,19960016.0,142586.0,212862.0,9939490.0,0.48924029585888523,4.961552,16,10,0,0,0,10,128,50,5,8.38153624534607,53.658119916915894
20316172.0,19960016.0,142586.0,212862.0,9939490.0,0.48924029585888523,4.961552,16,10,0,0,0,10,128,50,10,14.390863180160522,52.981003284454346
20316172.0,19960016.0,142586.0,212862.0,9939490.0,0.48924029585888523,4.961552,16,10,0,0,0,10,128,50,15,30.768035650253296,55.63455939292908
20316172.0,19960016.0,142586.0,212862.0,9939490.0,0.48924029585888523,4.961552,16,10,0,0,0,10,128,50,20,39.99371695518494,52.5078227519989
20316172.0,19960016.0,142586.0,212862.0,9939490.0,0.48924029585888523,4.961552,16,10,0,0,0,10,128,50,25,37.23056387901306,51.867698192596436
27917684.0,27522936.0,140186.0,251742.0,13707394.0,0.4909932356853097,6.843968,64,8,0,0,0,8,128,50,1,2.969836711883545,62.67717909812927
27917684.0,27522936.0,140186.0,251742.0,13707394.0,0.4909932356853097,6.843968,64,8,0,0,0,8,128,50,5,6.793371915817261,56.97510313987732
27917684.0,27522936.0,140186.0,251742.0,13707394.0,0.4909932356853097,6.843968,64,8,0,0,0,8,128,50,10,11.586121797561646,56.6365532875061
27917684.0,27522936.0,140186.0,251742.0,13707394.0,0.4909932356853097,6.843968,64,8,0,0,0,8,128,50,15,25.239060401916504,59.800698041915894
27917684.0,27522936.0,140186.0,251742.0,13707394.0,0.4909932356853097,6.843968,64,8,0,0,0,8,128,50,20,31.96503210067749,56.83426332473755
27917684.0,27522936.0,140186.0,251742.0,13707394.0,0.4909932356853097,6.843968,64,8,0,0,0,8,128,50,25,28.525094509124756,56.063652753829956
18049492.0,17735768.0,121306.0,191006.0,8830530.0,0.48923980796800265,4.40784,32,8,0,0,0,8,128,50,1,2.8858256340026855,51.649723529815674
18049492.0,17735768.0,121306.0,191006.0,8830530.0,0.48923980796800265,4.40784,32,8,0,0,0,8,128,50,5,7.95806360244751,46.41733479499817
18049492.0,17735768.0,121306.0,191006.0,8830530.0,0.48923980796800265,4.40784,32,8,0,0,0,8,128,50,10,11.215233325958252,45.80931758880615
18049492.0,17735768.0,121306.0,191006.0,8830530.0,0.48923980796800265,4.40784,32,8,0,0,0,8,128,50,15,24.51974058151245,48.093212366104126
18049492.0,17735768.0,121306.0,191006.0,8830530.0,0.48923980796800265,4.40784,32,8,0,0,0,8,128,50,20,31.5109965801239,45.322757959365845
18049492.0,17735768.0,121306.0,191006.0,8830530.0,0.48923980796800265,4.40784,32,8,0,0,0,8,128,50,25,31.09976816177368,44.76946949958801
15502338.0,15213766.0,114938.0,172926.0,7574050.0,0.4885746911207845,3.780368,16,8,0,0,0,8,128,50,1,2.9786741733551025,47.90126705169678
15502338.0,15213766.0,114938.0,172926.0,7574050.0,0.4885746911207845,3.780368,16,8,0,0,0,8,128,50,5,7.124036550521851,42.83560490608215
15502338.0,15213766.0,114938.0,172926.0,7574050.0,0.4885746911207845,3.780368,16,8,0,0,0,8,128,50,10,12.132498502731323,42.32185435295105
15502338.0,15213766.0,114938.0,172926.0,7574050.0,0.4885746911207845,3.780368,16,8,0,0,0,8,128,50,15,25.30549716949463,44.908353090286255
15502338.0,15213766.0,114938.0,172926.0,7574050.0,0.4885746911207845,3.780368,16,8,0,0,0,8,128,50,20,35.590415239334106,42.4222948551178
15502338.0,15213766.0,114938.0,172926.0,7574050.0,0.4885746911207845,3.780368,16,8,0,0,0,8,128,50,25,30.683995723724365,41.80966019630432
23103852.0,22776688.0,112538.0,211806.0,11341954.0,0.4909118185140729,5.662784,64,6,0,0,0,6,128,50,1,2.4982521533966064,50.436687707901
23103852.0,22776688.0,112538.0,211806.0,11341954.0,0.4909118185140729,5.662784,64,6,0,0,0,6,128,50,5,5.588571310043335,46.20507287979126
23103852.0,22776688.0,112538.0,211806.0,11341954.0,0.4909118185140729,5.662784,64,6,0,0,0,6,128,50,10,9.477367401123047,46.3552622795105
23103852.0,22776688.0,112538.0,211806.0,11341954.0,0.4909118185140729,5.662784,64,6,0,0,0,6,128,50,15,19.579691171646118,49.327484369277954
23103852.0,22776688.0,112538.0,211806.0,11341954.0,0.4909118185140729,5.662784,64,6,0,0,0,6,128,50,20,27.38995909690857,46.64835047721863
23103852.0,22776688.0,112538.0,211806.0,11341954.0,0.4909118185140729,5.662784,64,6,0,0,0,6,128,50,25,23.241535425186157,45.97899913787842
13235658.0,12989518.0,93658.0,151070.0,6465090.0,0.48846003727204196,3.226656,32,6,0,0,0,6,128,50,1,2.4537384510040283,39.54153275489807
13235658.0,12989518.0,93658.0,151070.0,6465090.0,0.48846003727204196,3.226656,32,6,0,0,0,6,128,50,5,5.472599267959595,35.42306900024414
13235658.0,12989518.0,93658.0,151070.0,6465090.0,0.48846003727204196,3.226656,32,6,0,0,0,6,128,50,10,9.362603425979614,35.20773935317993
13235658.0,12989518.0,93658.0,151070.0,6465090.0,0.48846003727204196,3.226656,32,6,0,0,0,6,128,50,15,19.552987098693848,37.51023626327515
13235658.0,12989518.0,93658.0,151070.0,6465090.0,0.48846003727204196,3.226656,32,6,0,0,0,6,128,50,20,27.713817596435547,35.101619720458984
13235658.0,12989518.0,93658.0,151070.0,6465090.0,0.48846003727204196,3.226656,32,6,0,0,0,6,128,50,25,23.461613655090332,34.74746751785278
10688506.0,10467518.0,87290.0,132990.0,5208610.0,0.48730945185416935,2.599184,16,6,0,0,0,6,128,50,1,2.938603401184082,36.108744621276855
10688506.0,10467518.0,87290.0,132990.0,5208610.0,0.48730945185416935,2.599184,16,6,0,0,0,6,128,50,5,5.882714748382568,32.07141900062561
10688506.0,10467518.0,87290.0,132990.0,5208610.0,0.48730945185416935,2.599184,16,6,0,0,0,6,128,50,10,10.104980945587158,32.11763882637024
10688506.0,10467518.0,87290.0,132990.0,5208610.0,0.48730945185416935,2.599184,16,6,0,0,0,6,128,50,15,21.04429531097412,34.305835247039795
10688506.0,10467518.0,87290.0,132990.0,5208610.0,0.48730945185416935,2.599184,16,6,0,0,0,6,128,50,20,28.16935634613037,32.11350131034851
10688506.0,10467518.0,87290.0,132990.0,5208610.0,0.48730945185416935,2.599184,16,6,0,0,0,6,128,50,25,27.049930810928345,31.72839593887329
19853700.0,19459976.0,140186.0,250718.0,9675906.0,0.48736034089363695,4.828224,64,12,0,0,12,0,128,50,1,4.29163670539856,66.72911047935486
19853700.0,19459976.0,140186.0,250718.0,9675906.0,0.48736034089363695,4.828224,64,12,0,0,12,0,128,50,5,8.69656491279602,56.38728213310242
19853700.0,19459976.0,140186.0,250718.0,9675906.0,0.48736034089363695,4.828224,64,12,0,0,12,0,128,50,10,14.641119480133057,55.66991639137268
19853700.0,19459976.0,140186.0,250718.0,9675906.0,0.48736034089363695,4.828224,64,12,0,0,12,0,128,50,15,30.288690328598022,59.46346592903137
19853700.0,19459976.0,140186.0,250718.0,9675906.0,0.48736034089363695,4.828224,64,12,0,0,12,0,128,50,20,42.10414958000183,56.00265192985535
19853700.0,19459976.0,140186.0,250718.0,9675906.0,0.48736034089363695,4.828224,64,12,0,0,12,0,128,50,25,40.47902584075928,55.20333385467529
13229538.0,12916838.0,121306.0,189982.0,6421058.0,0.48535768973943005,3.203104,32,12,0,0,12,0,128,50,1,4.025907516479492,58.65087127685547
13229538.0,12916838.0,121306.0,189982.0,6421058.0,0.48535768973943005,3.203104,32,12,0,0,12,0,128,50,5,8.981117725372314,48.31084609031677
13229538.0,12916838.0,121306.0,189982.0,6421058.0,0.48535768973943005,3.203104,32,12,0,0,12,0,128,50,10,14.94685173034668,47.68206596374512
13229538.0,12916838.0,121306.0,189982.0,6421058.0,0.48535768973943005,3.203104,32,12,0,0,12,0,128,50,15,30.928242206573486,50.520567655563354
13229538.0,12916838.0,121306.0,189982.0,6421058.0,0.48535768973943005,3.203104,32,12,0,0,12,0,128,50,20,44.95735144615173,47.67917537689209
13229538.0,12916838.0,121306.0,189982.0,6421058.0,0.48535768973943005,3.203104,32,12,0,0,12,0,128,50,25,38.09406566619873,46.88078045845032
11517970.0,11230422.0,114938.0,171902.0,5582370.0,0.4846661347442301,2.784528,16,12,0,0,12,0,128,50,1,4.1144890785217285,54.86650800704956
11517970.0,11230422.0,114938.0,171902.0,5582370.0,0.4846661347442301,2.784528,16,12,0,0,12,0,128,50,5,9.290878534317017,46.110952377319336
11517970.0,11230422.0,114938.0,171902.0,5582370.0,0.4846661347442301,2.784528,16,12,0,0,12,0,128,50,10,15.633727073669434,45.5108904838562
11517970.0,11230422.0,114938.0,171902.0,5582370.0,0.4846661347442301,2.784528,16,12,0,0,12,0,128,50,15,32.22458243370056,48.19306945800781
11517970.0,11230422.0,114938.0,171902.0,5582370.0,0.4846661347442301,2.784528,16,12,0,0,12,0,128,50,20,47.37401366233826,45.46117115020752
11517970.0,11230422.0,114938.0,171902.0,5582370.0,0.4846661347442301,2.784528,16,12,0,0,12,0,128,50,25,40.31221652030945,44.91328549385071
17693052.0,17344384.0,121754.0,224094.0,8623234.0,0.48737967875751453,4.302912,64,10,0,0,10,0,128,50,1,3.434607982635498,57.616759300231934
17693052.0,17344384.0,121754.0,224094.0,8623234.0,0.48737967875751453,4.302912,64,10,0,0,10,0,128,50,5,7.920891046524048,49.59157466888428
17693052.0,17344384.0,121754.0,224094.0,8623234.0,0.48737967875751453,4.302912,64,10,0,0,10,0,128,50,10,13.244266986846924,48.77235007286072
17693052.0,17344384.0,121754.0,224094.0,8623234.0,0.48737967875751453,4.302912,64,10,0,0,10,0,128,50,15,26.259662628173828,52.02423143386841
17693052.0,17344384.0,121754.0,224094.0,8623234.0,0.48737967875751453,4.302912,64,10,0,0,10,0,128,50,20,38.985896587371826,48.98093891143799
17693052.0,17344384.0,121754.0,224094.0,8623234.0,0.48737967875751453,4.302912,64,10,0,0,10,0,128,50,25,32.87088871002197,48.26208710670471
11068890.0,10801246.0,102874.0,163358.0,5368386.0,0.48499768269447074,2.677792,32,10,0,0,10,0,128,50,1,3.41504168510437,49.37947487831116
11068890.0,10801246.0,102874.0,163358.0,5368386.0,0.48499768269447074,2.677792,32,10,0,0,10,0,128,50,5,7.787497520446777,41.67145252227783
11068890.0,10801246.0,102874.0,163358.0,5368386.0,0.48499768269447074,2.677792,32,10,0,0,10,0,128,50,10,13.064658164978027,40.833338260650635
11068890.0,10801246.0,102874.0,163358.0,5368386.0,0.48499768269447074,2.677792,32,10,0,0,10,0,128,50,15,26.48059844970703,42.91831851005554
11068890.0,10801246.0,102874.0,163358.0,5368386.0,0.48499768269447074,2.677792,32,10,0,0,10,0,128,50,20,39.19886660575867,40.665154218673706
11068890.0,10801246.0,102874.0,163358.0,5368386.0,0.48499768269447074,2.677792,32,10,0,0,10,0,128,50,25,32.755770206451416,40.07237792015076
9357322.0,9114830.0,96506.0,145278.0,4529698.0,0.484080594853955,2.259216,16,10,0,0,10,0,128,50,1,3.483208656311035,45.957768201828
9357322.0,9114830.0,96506.0,145278.0,4529698.0,0.484080594853955,2.259216,16,10,0,0,10,0,128,50,5,8.163434267044067,39.38595628738403
9357322.0,9114830.0,96506.0,145278.0,4529698.0,0.484080594853955,2.259216,16,10,0,0,10,0,128,50,10,13.783222436904907,38.91157054901123
9357322.0,9114830.0,96506.0,145278.0,4529698.0,0.484080594853955,2.259216,16,10,0,0,10,0,128,50,15,27.998148441314697,40.83041787147522
9357322.0,9114830.0,96506.0,145278.0,4529698.0,0.484080594853955,2.259216,16,10,0,0,10,0,128,50,20,38.95756793022156,38.451322078704834
9357322.0,9114830.0,96506.0,145278.0,4529698.0,0.484080594853955,2.259216,16,10,0,0,10,0,128,50,25,34.714987993240356,38.011305809020996
15532402.0,15228790.0,103322.0,197470.0,7570562.0,0.4874044594004198,3.7776,64,8,0,0,8,0,128,50,1,6.97010064125061,48.67486906051636
15532402.0,15228790.0,103322.0,197470.0,7570562.0,0.4874044594004198,3.7776,64,8,0,0,8,0,128,50,5,6.668191194534302,42.27840256690979
15532402.0,15228790.0,103322.0,197470.0,7570562.0,0.4874044594004198,3.7776,64,8,0,0,8,0,128,50,10,11.172113180160522,41.73367738723755
15532402.0,15228790.0,103322.0,197470.0,7570562.0,0.4874044594004198,3.7776,64,8,0,0,8,0,128,50,15,22.365657329559326,44.55217361450195
15532402.0,15228790.0,103322.0,197470.0,7570562.0,0.4874044594004198,3.7776,64,8,0,0,8,0,128,50,20,30.798828601837158,41.987518548965454
15532402.0,15228790.0,103322.0,197470.0,7570562.0,0.4874044594004198,3.7776,64,8,0,0,8,0,128,50,25,27.6712384223938,41.353272914886475
8908242.0,8685654.0,84442.0,136734.0,4315714.0,0.4844630399578278,2.15248,32,8,0,0,8,0,128,50,1,2.9761886596679688,40.606096506118774
8908242.0,8685654.0,84442.0,136734.0,4315714.0,0.4844630399578278,2.15248,32,8,0,0,8,0,128,50,5,6.629876375198364,34.36669421195984
8908242.0,8685654.0,84442.0,136734.0,4315714.0,0.4844630399578278,2.15248,32,8,0,0,8,0,128,50,10,11.028062105178833,33.56218338012695
8908242.0,8685654.0,84442.0,136734.0,4315714.0,0.4844630399578278,2.15248,32,8,0,0,8,0,128,50,15,22.104252815246582,35.6381573677063
8908242.0,8685654.0,84442.0,136734.0,4315714.0,0.4844630399578278,2.15248,32,8,0,0,8,0,128,50,20,33.440239906311035,33.66792607307434
8908242.0,8685654.0,84442.0,136734.0,4315714.0,0.4844630399578278,2.15248,32,8,0,0,8,0,128,50,25,27.178914070129395,33.02346634864807
7196674.0,6999238.0,78074.0,118654.0,3477026.0,0.4831434632164803,1.733904,16,8,0,0,8,0,128,50,1,3.0365946292877197,37.67034864425659
7196674.0,6999238.0,78074.0,118654.0,3477026.0,0.4831434632164803,1.733904,16,8,0,0,8,0,128,50,5,6.925442457199097,31.967764854431152
7196674.0,6999238.0,78074.0,118654.0,3477026.0,0.4831434632164803,1.733904,16,8,0,0,8,0,128,50,10,11.77413034439087,31.553385257720947
7196674.0,6999238.0,78074.0,118654.0,3477026.0,0.4831434632164803,1.733904,16,8,0,0,8,0,128,50,15,23.73808240890503,33.24886703491211
7196674.0,6999238.0,78074.0,118654.0,3477026.0,0.4831434632164803,1.733904,16,8,0,0,8,0,128,50,20,32.71574544906616,31.471487045288086
7196674.0,6999238.0,78074.0,118654.0,3477026.0,0.4831434632164803,1.733904,16,8,0,0,8,0,128,50,25,29.288195610046387,31.12009906768799
13371754.0,13113198.0,84890.0,170846.0,6517890.0,0.4874371754072054,3.252288,64,6,0,0,6,0,128,50,1,2.5336928367614746,39.609790325164795
13371754.0,13113198.0,84890.0,170846.0,6517890.0,0.4874371754072054,3.252288,64,6,0,0,6,0,128,50,5,5.505855560302734,34.88099527359009
13371754.0,13113198.0,84890.0,170846.0,6517890.0,0.4874371754072054,3.252288,64,6,0,0,6,0,128,50,10,9.116838455200195,34.65619969367981
13371754.0,13113198.0,84890.0,170846.0,6517890.0,0.4874371754072054,3.252288,64,6,0,0,6,0,128,50,15,18.40273404121399,37.29260015487671
13371754.0,13113198.0,84890.0,170846.0,6517890.0,0.4874371754072054,3.252288,64,6,0,0,6,0,128,50,20,28.795677661895752,35.009904623031616
13371754.0,13113198.0,84890.0,170846.0,6517890.0,0.4874371754072054,3.252288,64,6,0,0,6,0,128,50,25,22.42064905166626,34.457279682159424
6747594.0,6570062.0,66010.0,110110.0,3263042.0,0.4835860011731589,1.627168,32,6,0,0,6,0,128,50,1,2.512819528579712,31.452533721923828
6747594.0,6570062.0,66010.0,110110.0,3263042.0,0.4835860011731589,1.627168,32,6,0,0,6,0,128,50,5,5.336683750152588,26.83806800842285
6747594.0,6570062.0,66010.0,110110.0,3263042.0,0.4835860011731589,1.627168,32,6,0,0,6,0,128,50,10,8.918601274490356,26.526800632476807
6747594.0,6570062.0,66010.0,110110.0,3263042.0,0.4835860011731589,1.627168,32,6,0,0,6,0,128,50,15,18.0022394657135,28.302481174468994
6747594.0,6570062.0,66010.0,110110.0,3263042.0,0.4835860011731589,1.627168,32,6,0,0,6,0,128,50,20,24.68536067008972,26.643616676330566
6747594.0,6570062.0,66010.0,110110.0,3263042.0,0.4835860011731589,1.627168,32,6,0,0,6,0,128,50,25,22.207021236419678,26.108800649642944
5036026.0,4883646.0,59642.0,92030.0,2424354.0,0.48140220086234664,1.208592,16,6,0,0,6,0,128,50,1,2.546884775161743,28.775597095489502
5036026.0,4883646.0,59642.0,92030.0,2424354.0,0.48140220086234664,1.208592,16,6,0,0,6,0,128,50,5,5.747986316680908,24.604515552520752
5036026.0,4883646.0,59642.0,92030.0,2424354.0,0.48140220086234664,1.208592,16,6,0,0,6,0,128,50,10,9.756371259689331,24.46484637260437
5036026.0,4883646.0,59642.0,92030.0,2424354.0,0.48140220086234664,1.208592,16,6,0,0,6,0,128,50,15,19.763963222503662,26.019854068756104
5036026.0,4883646.0,59642.0,92030.0,2424354.0,0.48140220086234664,1.208592,16,6,0,0,6,0,128,50,20,27.423266887664795,24.475125074386597
5036026.0,4883646.0,59642.0,92030.0,2424354.0,0.48140220086234664,1.208592,16,6,0,0,6,0,128,50,25,28.17622661590576,24.184439659118652
7404930.0,7147398.0,84890.0,169822.0,3534978.0,0.47738169030632294,1.760832,64,12,0,12,0,0,128,50,1,4.109812259674072,48.61958360671997
7404930.0,7147398.0,84890.0,169822.0,3534978.0,0.47738169030632294,1.760832,64,12,0,12,0,0,128,50,5,8.813879489898682,41.126641511917114
7404930.0,7147398.0,84890.0,169822.0,3534978.0,0.47738169030632294,1.760832,64,12,0,12,0,0,128,50,10,14.717155933380127,39.76970314979553
7404930.0,7147398.0,84890.0,169822.0,3534978.0,0.47738169030632294,1.760832,64,12,0,12,0,0,128,50,15,30.332650423049927,42.485044717788696
7404930.0,7147398.0,84890.0,169822.0,3534978.0,0.47738169030632294,1.760832,64,12,0,12,0,0,128,50,20,41.608532428741455,40.14157009124756
7404930.0,7147398.0,84890.0,169822.0,3534978.0,0.47738169030632294,1.760832,64,12,0,12,0,0,128,50,25,38.279786348342896,39.597862243652344
4024802.0,3848294.0,66010.0,109086.0,1902146.0,0.47260610584073454,0.94672,32,12,0,12,0,0,128,50,1,4.0577802658081055,43.603737115859985
4024802.0,3848294.0,66010.0,109086.0,1902146.0,0.47260610584073454,0.94672,32,12,0,12,0,0,128,50,5,8.990447521209717,35.115480184555054
4024802.0,3848294.0,66010.0,109086.0,1902146.0,0.47260610584073454,0.94672,32,12,0,12,0,0,128,50,10,14.975475549697876,34.39952754974365
4024802.0,3848294.0,66010.0,109086.0,1902146.0,0.47260610584073454,0.94672,32,12,0,12,0,0,128,50,15,34.636613607406616,36.05881309509277
4024802.0,3848294.0,66010.0,109086.0,1902146.0,0.47260610584073454,0.94672,32,12,0,12,0,0,128,50,20,41.646801233291626,34.19565773010254
4024802.0,3848294.0,66010.0,109086.0,1902146.0,0.47260610584073454,0.94672,32,12,0,12,0,0,128,50,25,38.22157883644104,33.810384035110474
3148818.0,2997462.0,59642.0,91006.0,1481250.0,0.47041461272134494,0.73704,16,12,0,12,0,0,128,50,1,4.0654120445251465,40.789124727249146
3148818.0,2997462.0,59642.0,91006.0,1481250.0,0.47041461272134494,0.73704,16,12,0,12,0,0,128,50,5,9.28602933883667,32.96256136894226
3148818.0,2997462.0,59642.0,91006.0,1481250.0,0.47041461272134494,0.73704,16,12,0,12,0,0,128,50,10,15.80643343925476,32.13928270339966
3148818.0,2997462.0,59642.0,91006.0,1481250.0,0.47041461272134494,0.73704,16,12,0,12,0,0,128,50,15,31.971966981887817,33.53675055503845
3148818.0,2997462.0,59642.0,91006.0,1481250.0,0.47041461272134494,0.73704,16,12,0,12,0,0,128,50,20,44.48405742645264,32.15080690383911
3148818.0,2997462.0,59642.0,91006.0,1481250.0,0.47041461272134494,0.73704,16,12,0,12,0,0,128,50,25,40.46228384971619,31.725501537322998
6848890.0,6613886.0,75674.0,156510.0,3270786.0,0.4775643936462697,1.629248,64,10,0,10,0,0,128,50,1,7.877206563949585,42.2588996887207
6848890.0,6613886.0,75674.0,156510.0,3270786.0,0.4775643936462697,1.629248,64,10,0,10,0,0,128,50,5,7.905461311340332,35.784310817718506
6848890.0,6613886.0,75674.0,156510.0,3270786.0,0.4775643936462697,1.629248,64,10,0,10,0,0,128,50,10,13.23441481590271,35.09839606285095
6848890.0,6613886.0,75674.0,156510.0,3270786.0,0.4775643936462697,1.629248,64,10,0,10,0,0,128,50,15,25.976293802261353,37.59649991989136
6848890.0,6613886.0,75674.0,156510.0,3270786.0,0.4775643936462697,1.629248,64,10,0,10,0,0,128,50,20,35.623982429504395,35.31147837638855
6848890.0,6613886.0,75674.0,156510.0,3270786.0,0.4775643936462697,1.629248,64,10,0,10,0,0,128,50,25,32.67466878890991,34.78572750091553
3468762.0,3314782.0,56794.0,95774.0,1637954.0,0.4722013213936269,0.815136,32,10,0,10,0,0,128,50,1,3.4268007278442383,37.06535863876343
3468762.0,3314782.0,56794.0,95774.0,1637954.0,0.4722013213936269,0.815136,32,10,0,10,0,0,128,50,5,7.796931743621826,30.15039372444153
3468762.0,3314782.0,56794.0,95774.0,1637954.0,0.4722013213936269,0.815136,32,10,0,10,0,0,128,50,10,13.085933685302734,29.429816007614136
3468762.0,3314782.0,56794.0,95774.0,1637954.0,0.4722013213936269,0.815136,32,10,0,10,0,0,128,50,15,25.9221613407135,30.901768445968628
3468762.0,3314782.0,56794.0,95774.0,1637954.0,0.4722013213936269,0.815136,32,10,0,10,0,0,128,50,20,35.81342887878418,29.362493991851807
3468762.0,3314782.0,56794.0,95774.0,1637954.0,0.4722013213936269,0.815136,32,10,0,10,0,0,128,50,25,37.82557463645935,28.998703718185425
2592778.0,2463950.0,50426.0,77694.0,1217058.0,0.46940308811629844,0.605456,16,10,0,10,0,0,128,50,1,3.5200321674346924,34.17776536941528
2592778.0,2463950.0,50426.0,77694.0,1217058.0,0.46940308811629844,0.605456,16,10,0,10,0,0,128,50,5,8.17762565612793,27.70505714416504
2592778.0,2463950.0,50426.0,77694.0,1217058.0,0.46940308811629844,0.605456,16,10,0,10,0,0,128,50,10,13.785786628723145,27.098939180374146
2592778.0,2463950.0,50426.0,77694.0,1217058.0,0.46940308811629844,0.605456,16,10,0,10,0,0,128,50,15,27.61852788925171,28.242429733276367
2592778.0,2463950.0,50426.0,77694.0,1217058.0,0.46940308811629844,0.605456,16,10,0,10,0,0,128,50,20,39.43141174316406,26.966252326965332
2592778.0,2463950.0,50426.0,77694.0,1217058.0,0.46940308811629844,0.605456,16,10,0,10,0,0,128,50,25,35.66968655586243,26.639671802520752
6292850.0,6080374.0,66458.0,143198.0,3006594.0,0.4777793845395965,1.497664,64,8,0,8,0,0,128,50,1,3.053934335708618,36.124879360198975
6292850.0,6080374.0,66458.0,143198.0,3006594.0,0.4777793845395965,1.497664,64,8,0,8,0,0,128,50,5,6.701091051101685,30.842819213867188
6292850.0,6080374.0,66458.0,143198.0,3006594.0,0.4777793845395965,1.497664,64,8,0,8,0,0,128,50,10,11.178099870681763,30.287436962127686
6292850.0,6080374.0,66458.0,143198.0,3006594.0,0.4777793845395965,1.497664,64,8,0,8,0,0,128,50,15,21.882231950759888,32.43107724189758
6292850.0,6080374.0,66458.0,143198.0,3006594.0,0.4777793845395965,1.497664,64,8,0,8,0,0,128,50,20,30.190059900283813,30.50300669670105
6292850.0,6080374.0,66458.0,143198.0,3006594.0,0.4777793845395965,1.497664,64,8,0,8,0,0,128,50,25,27.289098262786865,29.980923175811768
2912722.0,2781270.0,47578.0,82462.0,1373762.0,0.4716419898637769,0.683552,32,8,0,8,0,0,128,50,1,3.008054733276367,31.196299076080322
2912722.0,2781270.0,47578.0,82462.0,1373762.0,0.4716419898637769,0.683552,32,8,0,8,0,0,128,50,5,6.617034435272217,25.217711925506592
2912722.0,2781270.0,47578.0,82462.0,1373762.0,0.4716419898637769,0.683552,32,8,0,8,0,0,128,50,10,11.047975063323975,24.569289445877075
2912722.0,2781270.0,47578.0,82462.0,1373762.0,0.4716419898637769,0.683552,32,8,0,8,0,0,128,50,15,27.540040969848633,25.863107442855835
2912722.0,2781270.0,47578.0,82462.0,1373762.0,0.4716419898637769,0.683552,32,8,0,8,0,0,128,50,20,30.257574558258057,24.457969427108765
2912722.0,2781270.0,47578.0,82462.0,1373762.0,0.4716419898637769,0.683552,32,8,0,8,0,0,128,50,25,27.350365161895752,24.25430202484131
2036738.0,1930438.0,41210.0,64382.0,952866.0,0.46783926062164105,0.473872,16,8,0,8,0,0,128,50,1,3.043614625930786,28.01680827140808
2036738.0,1930438.0,41210.0,64382.0,952866.0,0.46783926062164105,0.473872,16,8,0,8,0,0,128,50,5,6.998528003692627,22.6320903301239
2036738.0,1930438.0,41210.0,64382.0,952866.0,0.46783926062164105,0.473872,16,8,0,8,0,0,128,50,10,11.767836332321167,22.16067147254944
2036738.0,1930438.0,41210.0,64382.0,952866.0,0.46783926062164105,0.473872,16,8,0,8,0,0,128,50,15,23.42660665512085,23.10421371459961
2036738.0,1930438.0,41210.0,64382.0,952866.0,0.46783926062164105,0.473872,16,8,0,8,0,0,128,50,20,32.69961762428284,22.099785327911377
2036738.0,1930438.0,41210.0,64382.0,952866.0,0.46783926062164105,0.473872,16,8,0,8,0,0,128,50,25,29.360670566558838,21.82233500480652
5736810.0,5546862.0,57242.0,129886.0,2742402.0,0.4780360513944161,1.36608,64,6,0,6,0,0,128,50,1,2.5672571659088135,29.907599925994873
5736810.0,5546862.0,57242.0,129886.0,2742402.0,0.4780360513944161,1.36608,64,6,0,6,0,0,128,50,5,5.532498598098755,25.891074895858765
5736810.0,5546862.0,57242.0,129886.0,2742402.0,0.4780360513944161,1.36608,64,6,0,6,0,0,128,50,10,9.164572715759277,25.779956340789795
5736810.0,5546862.0,57242.0,129886.0,2742402.0,0.4780360513944161,1.36608,64,6,0,6,0,0,128,50,15,17.866491079330444,27.524751663208008
5736810.0,5546862.0,57242.0,129886.0,2742402.0,0.4780360513944161,1.36608,64,6,0,6,0,0,128,50,20,24.589534282684326,25.810484409332275
5736810.0,5546862.0,57242.0,129886.0,2742402.0,0.4780360513944161,1.36608,64,6,0,6,0,0,128,50,25,22.295485496520996,25.32371163368225
2356682.0,2247758.0,38362.0,69150.0,1109570.0,0.47081871885982074,0.551968,32,6,0,6,0,0,128,50,1,2.527655839920044,24.40221381187439
2356682.0,2247758.0,38362.0,69150.0,1109570.0,0.47081871885982074,0.551968,32,6,0,6,0,0,128,50,5,5.472144842147827,19.877179861068726
2356682.0,2247758.0,38362.0,69150.0,1109570.0,0.47081871885982074,0.551968,32,6,0,6,0,0,128,50,10,14.688430786132812,19.48844599723816
2356682.0,2247758.0,38362.0,69150.0,1109570.0,0.47081871885982074,0.551968,32,6,0,6,0,0,128,50,15,17.9801607131958,20.72012186050415
2356682.0,2247758.0,38362.0,69150.0,1109570.0,0.47081871885982074,0.551968,32,6,0,6,0,0,128,50,20,24.94867181777954,19.532049655914307
2356682.0,2247758.0,38362.0,69150.0,1109570.0,0.47081871885982074,0.551968,32,6,0,6,0,0,128,50,25,22.4317045211792,19.371083974838257
1480698.0,1396926.0,31994.0,51070.0,688674.0,0.4651009186208126,0.342288,16,6,0,6,0,0,128,50,1,2.6325860023498535,21.490310192108154
1480698.0,1396926.0,31994.0,51070.0,688674.0,0.4651009186208126,0.342288,16,6,0,6,0,0,128,50,5,5.818039417266846,17.8491632938385
1480698.0,1396926.0,31994.0,51070.0,688674.0,0.4651009186208126,0.342288,16,6,0,6,0,0,128,50,10,9.852527618408203,17.37813115119934
1480698.0,1396926.0,31994.0,51070.0,688674.0,0.4651009186208126,0.342288,16,6,0,6,0,0,128,50,15,19.55599331855774,18.29368495941162
1480698.0,1396926.0,31994.0,51070.0,688674.0,0.4651009186208126,0.342288,16,6,0,6,0,0,128,50,20,27.34756112098694,17.446414947509766
1480698.0,1396926.0,31994.0,51070.0,688674.0,0.4651009186208126,0.342288,16,6,0,6,0,0,128,50,25,24.37008786201477,17.191404342651367
3146626.0,2957190.0,57242.0,129374.0,1447554.0,0.4600336995880667,0.718656,64,12,12,0,0,0,128,50,1,4.2308738231658936,40.01921486854553
3146626.0,2957190.0,57242.0,129374.0,1447554.0,0.4600336995880667,0.718656,64,12,12,0,0,0,128,50,5,8.826770782470703,32.506012201309204
3146626.0,2957190.0,57242.0,129374.0,1447554.0,0.4600336995880667,0.718656,64,12,12,0,0,0,128,50,10,14.697892189025879,31.39146137237549
3146626.0,2957190.0,57242.0,129374.0,1447554.0,0.4600336995880667,0.718656,64,12,12,0,0,0,128,50,15,30.501033544540405,32.927671909332275
3146626.0,2957190.0,57242.0,129374.0,1447554.0,0.4600336995880667,0.718656,64,12,12,0,0,0,128,50,20,42.33095359802246,31.213229656219482
3146626.0,2957190.0,57242.0,129374.0,1447554.0,0.4600336995880667,0.718656,64,12,12,0,0,0,128,50,25,44.77556562423706,30.747027158737183
1388514.0,1280102.0,38362.0,68638.0,625730.0,0.45064723870267065,0.310048,32,12,12,0,0,0,128,50,1,4.160095691680908,36.388267993927
1388514.0,1280102.0,38362.0,68638.0,625730.0,0.45064723870267065,0.310048,32,12,12,0,0,0,128,50,5,9.104588031768799,27.92758083343506
1388514.0,1280102.0,38362.0,68638.0,625730.0,0.45064723870267065,0.310048,32,12,12,0,0,0,128,50,10,15.012575626373291,26.77074408531189
1388514.0,1280102.0,38362.0,68638.0,625730.0,0.45064723870267065,0.310048,32,12,12,0,0,0,128,50,15,30.24540138244629,27.7011501789093
1388514.0,1280102.0,38362.0,68638.0,625730.0,0.45064723870267065,0.310048,32,12,12,0,0,0,128,50,20,41.86541032791138,26.40084671974182
1388514.0,1280102.0,38362.0,68638.0,625730.0,0.45064723870267065,0.310048,32,12,12,0,0,0,128,50,25,38.56183624267578,25.894320964813232
930322.0,847062.0,31994.0,50558.0,413730.0,0.44471699046136715,0.204816,16,12,12,0,0,0,128,50,1,4.185756683349609,32.8796443939209
930322.0,847062.0,31994.0,50558.0,413730.0,0.44471699046136715,0.204816,16,12,12,0,0,0,128,50,5,9.45768928527832,26.646686792373657
930322.0,847062.0,31994.0,50558.0,413730.0,0.44471699046136715,0.204816,16,12,12,0,0,0,128,50,10,15.77478575706482,25.45264458656311
930322.0,847062.0,31994.0,50558.0,413730.0,0.44471699046136715,0.204816,16,12,12,0,0,0,128,50,15,31.85604739189148,26.152221202850342
930322.0,847062.0,31994.0,50558.0,413730.0,0.44471699046136715,0.204816,16,12,12,0,0,0,128,50,20,44.55527138710022,25.168124198913574
930322.0,847062.0,31994.0,50558.0,413730.0,0.44471699046136715,0.204816,16,12,12,0,0,0,128,50,25,40.73102927207947,24.74138355255127
2999674.0,2821502.0,52634.0,122718.0,1380994.0,0.4603813614412766,0.685632,64,10,10,0,0,0,128,50,1,3.5816969871520996,34.68813943862915
2999674.0,2821502.0,52634.0,122718.0,1380994.0,0.4603813614412766,0.685632,64,10,10,0,0,0,128,50,5,7.99357795715332,28.15569829940796
2999674.0,2821502.0,52634.0,122718.0,1380994.0,0.4603813614412766,0.685632,64,10,10,0,0,0,128,50,10,19.502637147903442,27.580420970916748
2999674.0,2821502.0,52634.0,122718.0,1380994.0,0.4603813614412766,0.685632,64,10,10,0,0,0,128,50,15,25.914897680282593,29.20511221885681
2999674.0,2821502.0,52634.0,122718.0,1380994.0,0.4603813614412766,0.685632,64,10,10,0,0,0,128,50,20,36.17264771461487,27.61410689353943
2999674.0,2821502.0,52634.0,122718.0,1380994.0,0.4603813614412766,0.685632,64,10,10,0,0,0,128,50,25,32.985204219818115,27.135011196136475
1241562.0,1144414.0,33754.0,61982.0,559170.0,0.45037621963301067,0.277024,32,10,10,0,0,0,128,50,1,3.5414416790008545,30.404320240020752
1241562.0,1144414.0,33754.0,61982.0,559170.0,0.45037621963301067,0.277024,32,10,10,0,0,0,128,50,5,7.9496989250183105,24.030789613723755
1241562.0,1144414.0,33754.0,61982.0,559170.0,0.45037621963301067,0.277024,32,10,10,0,0,0,128,50,10,13.222182750701904,23.029446363449097
1241562.0,1144414.0,33754.0,61982.0,559170.0,0.45037621963301067,0.277024,32,10,10,0,0,0,128,50,15,25.971533060073853,23.96611738204956
1241562.0,1144414.0,33754.0,61982.0,559170.0,0.45037621963301067,0.277024,32,10,10,0,0,0,128,50,20,35.82954454421997,22.82675313949585
1241562.0,1144414.0,33754.0,61982.0,559170.0,0.45037621963301067,0.277024,32,10,10,0,0,0,128,50,25,32.8382682800293,22.325504064559937
783370.0,711374.0,27386.0,43902.0,347170.0,0.443175000319134,0.171792,16,10,10,0,0,0,128,50,1,3.5684428215026855,27.25493860244751
783370.0,711374.0,27386.0,43902.0,347170.0,0.443175000319134,0.171792,16,10,10,0,0,0,128,50,5,8.258641719818115,22.866190910339355
783370.0,711374.0,27386.0,43902.0,347170.0,0.443175000319134,0.171792,16,10,10,0,0,0,128,50,10,13.852815389633179,21.893543243408203
783370.0,711374.0,27386.0,43902.0,347170.0,0.443175000319134,0.171792,16,10,10,0,0,0,128,50,15,27.34394359588623,22.463013648986816
783370.0,711374.0,27386.0,43902.0,347170.0,0.443175000319134,0.171792,16,10,10,0,0,0,128,50,20,38.435967445373535,21.671568632125854
783370.0,711374.0,27386.0,43902.0,347170.0,0.443175000319134,0.171792,16,10,10,0,0,0,128,50,25,34.935367822647095,21.29655647277832
2852722.0,2685814.0,48026.0,116062.0,1314434.0,0.4607648414391588,0.652608,64,8,8,0,0,0,128,50,1,9.880031824111938,29.776220560073853
2852722.0,2685814.0,48026.0,116062.0,1314434.0,0.4607648414391588,0.652608,64,8,8,0,0,0,128,50,5,6.7848734855651855,24.403444051742554
2852722.0,2685814.0,48026.0,116062.0,1314434.0,0.4607648414391588,0.652608,64,8,8,0,0,0,128,50,10,11.01699447631836,24.186057329177856
2852722.0,2685814.0,48026.0,116062.0,1314434.0,0.4607648414391588,0.652608,64,8,8,0,0,0,128,50,15,21.770536422729492,25.486522436141968
2852722.0,2685814.0,48026.0,116062.0,1314434.0,0.4607648414391588,0.652608,64,8,8,0,0,0,128,50,20,30.281210899353027,23.954267263412476
2852722.0,2685814.0,48026.0,116062.0,1314434.0,0.4607648414391588,0.652608,64,8,8,0,0,0,128,50,25,27.436265468597412,23.50664186477661
1094610.0,1008726.0,29146.0,55326.0,492610.0,0.4500324316423201,0.244,32,8,8,0,0,0,128,50,1,3.100391149520874,24.58869504928589
1094610.0,1008726.0,29146.0,55326.0,492610.0,0.4500324316423201,0.244,32,8,8,0,0,0,128,50,5,6.663600206375122,20.261398553848267
1094610.0,1008726.0,29146.0,55326.0,492610.0,0.4500324316423201,0.244,32,8,8,0,0,0,128,50,10,11.056846618652344,19.561269283294678
1094610.0,1008726.0,29146.0,55326.0,492610.0,0.4500324316423201,0.244,32,8,8,0,0,0,128,50,15,21.821725130081177,20.241710424423218
1094610.0,1008726.0,29146.0,55326.0,492610.0,0.4500324316423201,0.244,32,8,8,0,0,0,128,50,20,30.135544061660767,19.280609607696533
1094610.0,1008726.0,29146.0,55326.0,492610.0,0.4500324316423201,0.244,32,8,8,0,0,0,128,50,25,27.477948665618896,18.883508920669556
636418.0,575686.0,22778.0,37246.0,280610.0,0.44092090418561386,0.138768,16,8,8,0,0,0,128,50,1,3.1670682430267334,22.75993061065674
636418.0,575686.0,22778.0,37246.0,280610.0,0.44092090418561386,0.138768,16,8,8,0,0,0,128,50,5,7.0975494384765625,19.1226224899292
636418.0,575686.0,22778.0,37246.0,280610.0,0.44092090418561386,0.138768,16,8,8,0,0,0,128,50,10,11.910910367965698,18.348146677017212
636418.0,575686.0,22778.0,37246.0,280610.0,0.44092090418561386,0.138768,16,8,8,0,0,0,128,50,15,23.479974031448364,18.826558828353882
636418.0,575686.0,22778.0,37246.0,280610.0,0.44092090418561386,0.138768,16,8,8,0,0,0,128,50,20,32.99389433860779,18.186131238937378
636418.0,575686.0,22778.0,37246.0,280610.0,0.44092090418561386,0.138768,16,8,8,0,0,0,128,50,25,29.495286464691162,17.8992121219635
2705770.0,2550126.0,43418.0,109406.0,1247874.0,0.4611899754968087,0.619584,64,6,6,0,0,0,128,50,1,2.6594295501708984,24.168797492980957
2705770.0,2550126.0,43418.0,109406.0,1247874.0,0.4611899754968087,0.619584,64,6,6,0,0,0,128,50,5,5.539474248886108,21.0732479095459
2705770.0,2550126.0,43418.0,109406.0,1247874.0,0.4611899754968087,0.619584,64,6,6,0,0,0,128,50,10,9.215550899505615,20.29971432685852
2705770.0,2550126.0,43418.0,109406.0,1247874.0,0.4611899754968087,0.619584,64,6,6,0,0,0,128,50,15,18.143352270126343,21.56604313850403
2705770.0,2550126.0,43418.0,109406.0,1247874.0,0.4611899754968087,0.619584,64,6,6,0,0,0,128,50,20,32.03025031089783,20.199103116989136
2705770.0,2550126.0,43418.0,109406.0,1247874.0,0.4611899754968087,0.619584,64,6,6,0,0,0,128,50,25,22.422250032424927,19.960885047912598
947658.0,873038.0,24538.0,48670.0,426050.0,0.4495820222063234,0.210976,32,6,6,0,0,0,128,50,1,2.6631224155426025,19.391569137573242
947658.0,873038.0,24538.0,48670.0,426050.0,0.4495820222063234,0.210976,32,6,6,0,0,0,128,50,5,5.543789863586426,16.48380160331726
947658.0,873038.0,24538.0,48670.0,426050.0,0.4495820222063234,0.210976,32,6,6,0,0,0,128,50,10,9.206172227859497,15.923256397247314
947658.0,873038.0,24538.0,48670.0,426050.0,0.4495820222063234,0.210976,32,6,6,0,0,0,128,50,15,18.0607488155365,16.57119107246399
947658.0,873038.0,24538.0,48670.0,426050.0,0.4495820222063234,0.210976,32,6,6,0,0,0,128,50,20,24.75523614883423,15.791850090026855
947658.0,873038.0,24538.0,48670.0,426050.0,0.4495820222063234,0.210976,32,6,6,0,0,0,128,50,25,22.414988040924072,15.48996114730835
489466.0,439998.0,18170.0,30590.0,214050.0,0.43731331696175013,0.105744,16,6,6,0,0,0,128,50,1,2.716710090637207,17.98216462135315
489466.0,439998.0,18170.0,30590.0,214050.0,0.43731331696175013,0.105744,16,6,6,0,0,0,128,50,5,5.884957790374756,15.302494764328003
489466.0,439998.0,18170.0,30590.0,214050.0,0.43731331696175013,0.105744,16,6,6,0,0,0,128,50,10,9.87604546546936,14.796573162078857
489466.0,439998.0,18170.0,30590.0,214050.0,0.43731331696175013,0.105744,16,6,6,0,0,0,128,50,15,19.57577919960022,15.239313840866089
489466.0,439998.0,18170.0,30590.0,214050.0,0.43731331696175013,0.105744,16,6,6,0,0,0,128,50,20,27.329614400863647,14.712938785552979
489466.0,439998.0,18170.0,30590.0,214050.0,0.43731331696175013,0.105744,16,6,6,0,0,0,128,50,25,24.459081649780273,14.481883525848389
37545348.0,37015432.0,195482.0,331614.0,18438276.0,0.49109349046385187,9.206336,64,12,0,0,0,12,256,50,1,4.1799798011779785,125.52973771095276
37545348.0,37015432.0,195482.0,331614.0,18438276.0,0.49109349046385187,9.206336,64,12,0,0,0,12,256,50,5,9.206565141677856,119.51908040046692
37545348.0,37015432.0,195482.0,331614.0,18438276.0,0.49109349046385187,9.206336,64,12,0,0,0,12,256,50,10,15.774240732192993,119.30846285820007
37545348.0,37015432.0,195482.0,331614.0,18438276.0,0.49109349046385187,9.206336,64,12,0,0,0,12,256,50,15,33.73000955581665,128.53931784629822
37545348.0,37015432.0,195482.0,331614.0,18438276.0,0.49109349046385187,9.206336,64,12,0,0,0,12,256,50,20,45.47773861885071,120.16997456550598
37545348.0,37015432.0,195482.0,331614.0,18438276.0,0.49109349046385187,9.206336,64,12,0,0,0,12,256,50,25,40.96302270889282,118.73569798469543
27677156.0,27228264.0,176602.0,270878.0,13561410.0,0.489985676273964,6.770208,32,12,0,0,0,12,256,50,1,4.308552265167236,106.69876766204834
27677156.0,27228264.0,176602.0,270878.0,13561410.0,0.489985676273964,6.770208,32,12,0,0,0,12,256,50,5,9.639911651611328,101.00312566757202
27677156.0,27228264.0,176602.0,270878.0,13561410.0,0.489985676273964,6.770208,32,12,0,0,0,12,256,50,10,16.255312204360962,100.43166756629944
27677156.0,27228264.0,176602.0,270878.0,13561410.0,0.489985676273964,6.770208,32,12,0,0,0,12,256,50,15,34.21013832092285,108.31255602836609
27677156.0,27228264.0,176602.0,270878.0,13561410.0,0.489985676273964,6.770208,32,12,0,0,0,12,256,50,20,46.56828689575195,101.09654903411865
27677156.0,27228264.0,176602.0,270878.0,13561410.0,0.489985676273964,6.770208,32,12,0,0,0,12,256,50,25,41.81614851951599,99.43290495872498
25130004.0,24706264.0,170234.0,252798.0,12304930.0,0.48965093678457033,6.142736,16,12,0,0,0,12,256,50,1,4.63466215133667,99.78372573852539
25130004.0,24706264.0,170234.0,252798.0,12304930.0,0.48965093678457033,6.142736,16,12,0,0,0,12,256,50,5,9.878758192062378,95.5556378364563
25130004.0,24706264.0,170234.0,252798.0,12304930.0,0.48965093678457033,6.142736,16,12,0,0,0,12,256,50,10,17.171279430389404,95.09966444969177
25130004.0,24706264.0,170234.0,252798.0,12304930.0,0.48965093678457033,6.142736,16,12,0,0,0,12,256,50,15,35.92210125923157,102.98955082893372
25130004.0,24706264.0,170234.0,252798.0,12304930.0,0.48965093678457033,6.142736,16,12,0,0,0,12,256,50,20,48.129072189331055,95.55979466438293
25130004.0,24706264.0,170234.0,252798.0,12304930.0,0.48965093678457033,6.142736,16,12,0,0,0,12,256,50,25,43.39111852645874,94.35332751274109
32731516.0,32269184.0,167834.0,291678.0,16072834.0,0.4910507047702893,8.025152,64,10,0,0,0,10,256,50,1,3.4875714778900146,108.45293235778809
32731516.0,32269184.0,167834.0,291678.0,16072834.0,0.4910507047702893,8.025152,64,10,0,0,0,10,256,50,5,8.991438150405884,104.11177492141724
32731516.0,32269184.0,167834.0,291678.0,16072834.0,0.4910507047702893,8.025152,64,10,0,0,0,10,256,50,10,14.042072296142578,103.3075180053711
32731516.0,32269184.0,167834.0,291678.0,16072834.0,0.4910507047702893,8.025152,64,10,0,0,0,10,256,50,15,29.890294075012207,111.12699556350708
32731516.0,32269184.0,167834.0,291678.0,16072834.0,0.4910507047702893,8.025152,64,10,0,0,0,10,256,50,20,39.647929430007935,104.15926861763
32731516.0,32269184.0,167834.0,291678.0,16072834.0,0.4910507047702893,8.025152,64,10,0,0,0,10,256,50,25,35.02874803543091,102.8525938987732
22863324.0,22482016.0,148954.0,230942.0,11195970.0,0.48969126274027347,5.589024,32,10,0,0,0,10,256,50,1,3.4716796875,89.31755781173706
22863324.0,22482016.0,148954.0,230942.0,11195970.0,0.48969126274027347,5.589024,32,10,0,0,0,10,256,50,5,9.081874132156372,85.75522923469543
22863324.0,22482016.0,148954.0,230942.0,11195970.0,0.48969126274027347,5.589024,32,10,0,0,0,10,256,50,10,14.004878520965576,84.5086681842804
22863324.0,22482016.0,148954.0,230942.0,11195970.0,0.48969126274027347,5.589024,32,10,0,0,0,10,256,50,15,29.1795072555542,90.99710083007812
22863324.0,22482016.0,148954.0,230942.0,11195970.0,0.48969126274027347,5.589024,32,10,0,0,0,10,256,50,20,39.57786750793457,84.77056646347046
22863324.0,22482016.0,148954.0,230942.0,11195970.0,0.48969126274027347,5.589024,32,10,0,0,0,10,256,50,25,35.790310859680176,83.61436152458191
20316172.0,19960016.0,142586.0,212862.0,9939490.0,0.48924029585888523,4.961552,16,10,0,0,0,10,256,50,1,3.517341136932373,83.30423426628113
20316172.0,19960016.0,142586.0,212862.0,9939490.0,0.48924029585888523,4.961552,16,10,0,0,0,10,256,50,5,8.603002548217773,80.3989269733429
20316172.0,19960016.0,142586.0,212862.0,9939490.0,0.48924029585888523,4.961552,16,10,0,0,0,10,256,50,10,14.61030101776123,79.25605916976929
20316172.0,19960016.0,142586.0,212862.0,9939490.0,0.48924029585888523,4.961552,16,10,0,0,0,10,256,50,15,31.699835062026978,85.57392120361328
20316172.0,19960016.0,142586.0,212862.0,9939490.0,0.48924029585888523,4.961552,16,10,0,0,0,10,256,50,20,41.42339062690735,79.37970399856567
20316172.0,19960016.0,142586.0,212862.0,9939490.0,0.48924029585888523,4.961552,16,10,0,0,0,10,256,50,25,38.193753480911255,78.41444110870361
27917684.0,27522936.0,140186.0,251742.0,13707394.0,0.4909932356853097,6.843968,64,8,0,0,0,8,256,50,1,3.082106113433838,91.34058427810669
27917684.0,27522936.0,140186.0,251742.0,13707394.0,0.4909932356853097,6.843968,64,8,0,0,0,8,256,50,5,7.047513246536255,87.7575752735138
27917684.0,27522936.0,140186.0,251742.0,13707394.0,0.4909932356853097,6.843968,64,8,0,0,0,8,256,50,10,11.963376760482788,86.72708892822266
27917684.0,27522936.0,140186.0,251742.0,13707394.0,0.4909932356853097,6.843968,64,8,0,0,0,8,256,50,15,25.960057258605957,93.98501229286194
27917684.0,27522936.0,140186.0,251742.0,13707394.0,0.4909932356853097,6.843968,64,8,0,0,0,8,256,50,20,32.80918502807617,87.99668908119202
27917684.0,27522936.0,140186.0,251742.0,13707394.0,0.4909932356853097,6.843968,64,8,0,0,0,8,256,50,25,29.03091311454773,87.02367854118347
18049492.0,17735768.0,121306.0,191006.0,8830530.0,0.48923980796800265,4.40784,32,8,0,0,0,8,256,50,1,2.992551803588867,72.43226981163025
18049492.0,17735768.0,121306.0,191006.0,8830530.0,0.48923980796800265,4.40784,32,8,0,0,0,8,256,50,5,8.176357507705688,69.24982261657715
18049492.0,17735768.0,121306.0,191006.0,8830530.0,0.48923980796800265,4.40784,32,8,0,0,0,8,256,50,10,11.598348379135132,68.05374193191528
18049492.0,17735768.0,121306.0,191006.0,8830530.0,0.48923980796800265,4.40784,32,8,0,0,0,8,256,50,15,24.18120837211609,73.67944812774658
18049492.0,17735768.0,121306.0,191006.0,8830530.0,0.48923980796800265,4.40784,32,8,0,0,0,8,256,50,20,32.89778780937195,68.58553338050842
18049492.0,17735768.0,121306.0,191006.0,8830530.0,0.48923980796800265,4.40784,32,8,0,0,0,8,256,50,25,30.70804262161255,67.68044185638428
15502338.0,15213766.0,114938.0,172926.0,7574050.0,0.4885746911207845,3.780368,16,8,0,0,0,8,256,50,1,3.0703325271606445,66.46759629249573
15502338.0,15213766.0,114938.0,172926.0,7574050.0,0.4885746911207845,3.780368,16,8,0,0,0,8,256,50,5,7.313536167144775,63.94800853729248
15502338.0,15213766.0,114938.0,172926.0,7574050.0,0.4885746911207845,3.780368,16,8,0,0,0,8,256,50,10,12.448678255081177,62.66515374183655
15502338.0,15213766.0,114938.0,172926.0,7574050.0,0.4885746911207845,3.780368,16,8,0,0,0,8,256,50,15,26.12626075744629,68.19752597808838
15502338.0,15213766.0,114938.0,172926.0,7574050.0,0.4885746911207845,3.780368,16,8,0,0,0,8,256,50,20,36.72214412689209,63.20675468444824
15502338.0,15213766.0,114938.0,172926.0,7574050.0,0.4885746911207845,3.780368,16,8,0,0,0,8,256,50,25,31.305612564086914,62.50119709968567
23103852.0,22776688.0,112538.0,211806.0,11341954.0,0.4909118185140729,5.662784,64,6,0,0,0,6,256,50,1,2.574035406112671,73.93378639221191
23103852.0,22776688.0,112538.0,211806.0,11341954.0,0.4909118185140729,5.662784,64,6,0,0,0,6,256,50,5,5.682483911514282,70.47647142410278
23103852.0,22776688.0,112538.0,211806.0,11341954.0,0.4909118185140729,5.662784,64,6,0,0,0,6,256,50,10,9.728993892669678,70.9974536895752
23103852.0,22776688.0,112538.0,211806.0,11341954.0,0.4909118185140729,5.662784,64,6,0,0,0,6,256,50,15,20.10612440109253,77.27291631698608
23103852.0,22776688.0,112538.0,211806.0,11341954.0,0.4909118185140729,5.662784,64,6,0,0,0,6,256,50,20,28.118004083633423,71.89163255691528
23103852.0,22776688.0,112538.0,211806.0,11341954.0,0.4909118185140729,5.662784,64,6,0,0,0,6,256,50,25,23.557528495788574,71.1392571926117
13235658.0,12989518.0,93658.0,151070.0,6465090.0,0.48846003727204196,3.226656,32,6,0,0,0,6,256,50,1,2.51886248588562,55.35410475730896
13235658.0,12989518.0,93658.0,151070.0,6465090.0,0.48846003727204196,3.226656,32,6,0,0,0,6,256,50,5,5.609681844711304,51.77272915840149
13235658.0,12989518.0,93658.0,151070.0,6465090.0,0.48846003727204196,3.226656,32,6,0,0,0,6,256,50,10,9.590229511260986,51.97821617126465
13235658.0,12989518.0,93658.0,151070.0,6465090.0,0.48846003727204196,3.226656,32,6,0,0,0,6,256,50,15,20.07537007331848,56.936644315719604
13235658.0,12989518.0,93658.0,151070.0,6465090.0,0.48846003727204196,3.226656,32,6,0,0,0,6,256,50,20,28.49198055267334,52.52517294883728
13235658.0,12989518.0,93658.0,151070.0,6465090.0,0.48846003727204196,3.226656,32,6,0,0,0,6,256,50,25,23.900388956069946,51.873897552490234
10688506.0,10467518.0,87290.0,132990.0,5208610.0,0.48730945185416935,2.599184,16,6,0,0,0,6,256,50,1,2.5777251720428467,49.70663118362427
10688506.0,10467518.0,87290.0,132990.0,5208610.0,0.48730945185416935,2.599184,16,6,0,0,0,6,256,50,5,6.023406267166138,46.463409185409546
10688506.0,10467518.0,87290.0,132990.0,5208610.0,0.48730945185416935,2.599184,16,6,0,0,0,6,256,50,10,10.399212837219238,46.72759795188904
10688506.0,10467518.0,87290.0,132990.0,5208610.0,0.48730945185416935,2.599184,16,6,0,0,0,6,256,50,15,21.868699550628662,51.46725583076477
10688506.0,10467518.0,87290.0,132990.0,5208610.0,0.48730945185416935,2.599184,16,6,0,0,0,6,256,50,20,29.042088985443115,47.08114552497864
10688506.0,10467518.0,87290.0,132990.0,5208610.0,0.48730945185416935,2.599184,16,6,0,0,0,6,256,50,25,27.663661241531372,46.60801291465759
19853700.0,19459976.0,140186.0,250718.0,9675906.0,0.48736034089363695,4.828224,64,12,0,0,12,0,256,50,1,4.248490333557129,85.22892642021179
19853700.0,19459976.0,140186.0,250718.0,9675906.0,0.48736034089363695,4.828224,64,12,0,0,12,0,256,50,5,9.089213609695435,91.06938910484314
19853700.0,19459976.0,140186.0,250718.0,9675906.0,0.48736034089363695,4.828224,64,12,0,0,12,0,256,50,10,15.793049812316895,91.31823635101318
19853700.0,19459976.0,140186.0,250718.0,9675906.0,0.48736034089363695,4.828224,64,12,0,0,12,0,256,50,15,31.304929733276367,98.85549759864807
19853700.0,19459976.0,140186.0,250718.0,9675906.0,0.48736034089363695,4.828224,64,12,0,0,12,0,256,50,20,43.31576108932495,91.76679563522339
19853700.0,19459976.0,140186.0,250718.0,9675906.0,0.48736034089363695,4.828224,64,12,0,0,12,0,256,50,25,41.52134943008423,91.1039252281189
13229538.0,12916838.0,121306.0,189982.0,6421058.0,0.48535768973943005,3.203104,32,12,0,0,12,0,256,50,1,4.128873825073242,71.95224118232727
13229538.0,12916838.0,121306.0,189982.0,6421058.0,0.48535768973943005,3.203104,32,12,0,0,12,0,256,50,5,9.230122327804565,75.36927676200867
13229538.0,12916838.0,121306.0,189982.0,6421058.0,0.48535768973943005,3.203104,32,12,0,0,12,0,256,50,10,15.31874132156372,75.26980900764465
13229538.0,12916838.0,121306.0,189982.0,6421058.0,0.48535768973943005,3.203104,32,12,0,0,12,0,256,50,15,31.137954235076904,80.2907235622406
13229538.0,12916838.0,121306.0,189982.0,6421058.0,0.48535768973943005,3.203104,32,12,0,0,12,0,256,50,20,45.61837601661682,74.97060966491699
13229538.0,12916838.0,121306.0,189982.0,6421058.0,0.48535768973943005,3.203104,32,12,0,0,12,0,256,50,25,38.81367039680481,74.15895771980286
11517970.0,11230422.0,114938.0,171902.0,5582370.0,0.4846661347442301,2.784528,16,12,0,0,12,0,256,50,1,4.1907899379730225,66.50228714942932
11517970.0,11230422.0,114938.0,171902.0,5582370.0,0.4846661347442301,2.784528,16,12,0,0,12,0,256,50,5,9.56004810333252,71.159095287323
11517970.0,11230422.0,114938.0,171902.0,5582370.0,0.4846661347442301,2.784528,16,12,0,0,12,0,256,50,10,16.02054262161255,71.08972215652466
11517970.0,11230422.0,114938.0,171902.0,5582370.0,0.4846661347442301,2.784528,16,12,0,0,12,0,256,50,15,33.02164435386658,75.90549063682556
11517970.0,11230422.0,114938.0,171902.0,5582370.0,0.4846661347442301,2.784528,16,12,0,0,12,0,256,50,20,47.82114815711975,70.16523456573486
11517970.0,11230422.0,114938.0,171902.0,5582370.0,0.4846661347442301,2.784528,16,12,0,0,12,0,256,50,25,41.327338218688965,70.04582405090332
17693052.0,17344384.0,121754.0,224094.0,8623234.0,0.48737967875751453,4.302912,64,10,0,0,10,0,256,50,1,3.549123764038086,74.28816103935242
17693052.0,17344384.0,121754.0,224094.0,8623234.0,0.48737967875751453,4.302912,64,10,0,0,10,0,256,50,5,8.13527798652649,79.62139892578125
17693052.0,17344384.0,121754.0,224094.0,8623234.0,0.48737967875751453,4.302912,64,10,0,0,10,0,256,50,10,13.555920362472534,79.85648536682129
17693052.0,17344384.0,121754.0,224094.0,8623234.0,0.48737967875751453,4.302912,64,10,0,0,10,0,256,50,15,27.03636336326599,85.96862196922302
17693052.0,17344384.0,121754.0,224094.0,8623234.0,0.48737967875751453,4.302912,64,10,0,0,10,0,256,50,20,40.04424548149109,80.03298807144165
17693052.0,17344384.0,121754.0,224094.0,8623234.0,0.48737967875751453,4.302912,64,10,0,0,10,0,256,50,25,33.66743016242981,79.54350852966309
11068890.0,10801246.0,102874.0,163358.0,5368386.0,0.48499768269447074,2.677792,32,10,0,0,10,0,256,50,1,3.5309605598449707,61.02575755119324
11068890.0,10801246.0,102874.0,163358.0,5368386.0,0.48499768269447074,2.677792,32,10,0,0,10,0,256,50,5,8.039849519729614,64.07877445220947
11068890.0,10801246.0,102874.0,163358.0,5368386.0,0.48499768269447074,2.677792,32,10,0,0,10,0,256,50,10,13.913044214248657,63.68842601776123
11068890.0,10801246.0,102874.0,163358.0,5368386.0,0.48499768269447074,2.677792,32,10,0,0,10,0,256,50,15,26.79223084449768,67.84365916252136
11068890.0,10801246.0,102874.0,163358.0,5368386.0,0.48499768269447074,2.677792,32,10,0,0,10,0,256,50,20,39.94228219985962,63.49968409538269
11068890.0,10801246.0,102874.0,163358.0,5368386.0,0.48499768269447074,2.677792,32,10,0,0,10,0,256,50,25,33.146852016448975,62.61084985733032
9357322.0,9114830.0,96506.0,145278.0,4529698.0,0.484080594853955,2.259216,16,10,0,0,10,0,256,50,1,3.561533212661743,55.771578550338745
9357322.0,9114830.0,96506.0,145278.0,4529698.0,0.484080594853955,2.259216,16,10,0,0,10,0,256,50,5,8.440012216567993,59.82281517982483
9357322.0,9114830.0,96506.0,145278.0,4529698.0,0.484080594853955,2.259216,16,10,0,0,10,0,256,50,10,14.187989711761475,59.637816190719604
9357322.0,9114830.0,96506.0,145278.0,4529698.0,0.484080594853955,2.259216,16,10,0,0,10,0,256,50,15,28.246640920639038,63.744921922683716
9357322.0,9114830.0,96506.0,145278.0,4529698.0,0.484080594853955,2.259216,16,10,0,0,10,0,256,50,20,39.23183250427246,58.74274730682373
9357322.0,9114830.0,96506.0,145278.0,4529698.0,0.484080594853955,2.259216,16,10,0,0,10,0,256,50,25,35.29644060134888,58.78790736198425
15532402.0,15228790.0,103322.0,197470.0,7570562.0,0.4874044594004198,3.7776,64,8,0,0,8,0,256,50,1,6.005729675292969,63.79345417022705
15532402.0,15228790.0,103322.0,197470.0,7570562.0,0.4874044594004198,3.7776,64,8,0,0,8,0,256,50,5,6.817110061645508,67.7291624546051
15532402.0,15228790.0,103322.0,197470.0,7570562.0,0.4874044594004198,3.7776,64,8,0,0,8,0,256,50,10,11.434239864349365,67.71272230148315
15532402.0,15228790.0,103322.0,197470.0,7570562.0,0.4874044594004198,3.7776,64,8,0,0,8,0,256,50,15,22.61970806121826,73.8380913734436
15532402.0,15228790.0,103322.0,197470.0,7570562.0,0.4874044594004198,3.7776,64,8,0,0,8,0,256,50,20,31.53160548210144,68.31355857849121
15532402.0,15228790.0,103322.0,197470.0,7570562.0,0.4874044594004198,3.7776,64,8,0,0,8,0,256,50,25,28.391242742538452,67.79061388969421
8908242.0,8685654.0,84442.0,136734.0,4315714.0,0.4844630399578278,2.15248,32,8,0,0,8,0,256,50,1,3.0713083744049072,50.41580009460449
8908242.0,8685654.0,84442.0,136734.0,4315714.0,0.4844630399578278,2.15248,32,8,0,0,8,0,256,50,5,6.830507516860962,52.28599739074707
8908242.0,8685654.0,84442.0,136734.0,4315714.0,0.4844630399578278,2.15248,32,8,0,0,8,0,256,50,10,11.40060305595398,51.7474479675293
8908242.0,8685654.0,84442.0,136734.0,4315714.0,0.4844630399578278,2.15248,32,8,0,0,8,0,256,50,15,22.58029580116272,55.57116508483887
8908242.0,8685654.0,84442.0,136734.0,4315714.0,0.4844630399578278,2.15248,32,8,0,0,8,0,256,50,20,34.66980838775635,51.754786014556885
8908242.0,8685654.0,84442.0,136734.0,4315714.0,0.4844630399578278,2.15248,32,8,0,0,8,0,256,50,25,28.212472677230835,51.267921924591064
7196674.0,6999238.0,78074.0,118654.0,3477026.0,0.4831434632164803,1.733904,16,8,0,0,8,0,256,50,1,3.095395565032959,45.50128793716431
7196674.0,6999238.0,78074.0,118654.0,3477026.0,0.4831434632164803,1.733904,16,8,0,0,8,0,256,50,5,7.146954774856567,48.031370878219604
7196674.0,6999238.0,78074.0,118654.0,3477026.0,0.4831434632164803,1.733904,16,8,0,0,8,0,256,50,10,12.096962213516235,47.70119786262512
7196674.0,6999238.0,78074.0,118654.0,3477026.0,0.4831434632164803,1.733904,16,8,0,0,8,0,256,50,15,24.07069206237793,51.353938579559326
7196674.0,6999238.0,78074.0,118654.0,3477026.0,0.4831434632164803,1.733904,16,8,0,0,8,0,256,50,20,33.775089263916016,47.27463698387146
7196674.0,6999238.0,78074.0,118654.0,3477026.0,0.4831434632164803,1.733904,16,8,0,0,8,0,256,50,25,30.675463676452637,47.237467765808105
13371754.0,13113198.0,84890.0,170846.0,6517890.0,0.4874371754072054,3.252288,64,6,0,0,6,0,256,50,1,2.6186814308166504,52.88796257972717
13371754.0,13113198.0,84890.0,170846.0,6517890.0,0.4874371754072054,3.252288,64,6,0,0,6,0,256,50,5,5.643985271453857,55.600191593170166
13371754.0,13113198.0,84890.0,170846.0,6517890.0,0.4874371754072054,3.252288,64,6,0,0,6,0,256,50,10,9.349917650222778,56.05689549446106
13371754.0,13113198.0,84890.0,170846.0,6517890.0,0.4874371754072054,3.252288,64,6,0,0,6,0,256,50,15,18.598219394683838,61.75151824951172
13371754.0,13113198.0,84890.0,170846.0,6517890.0,0.4874371754072054,3.252288,64,6,0,0,6,0,256,50,20,29.23182511329651,56.81878042221069
13371754.0,13113198.0,84890.0,170846.0,6517890.0,0.4874371754072054,3.252288,64,6,0,0,6,0,256,50,25,22.975735187530518,56.33205056190491
6747594.0,6570062.0,66010.0,110110.0,3263042.0,0.4835860011731589,1.627168,32,6,0,0,6,0,256,50,1,2.5681350231170654,39.42326831817627
6747594.0,6570062.0,66010.0,110110.0,3263042.0,0.4835860011731589,1.627168,32,6,0,0,6,0,256,50,5,5.492614030838013,39.77061605453491
6747594.0,6570062.0,66010.0,110110.0,3263042.0,0.4835860011731589,1.627168,32,6,0,0,6,0,256,50,10,9.150256872177124,40.047810316085815
6747594.0,6570062.0,66010.0,110110.0,3263042.0,0.4835860011731589,1.627168,32,6,0,0,6,0,256,50,15,18.38221287727356,43.44696593284607
6747594.0,6570062.0,66010.0,110110.0,3263042.0,0.4835860011731589,1.627168,32,6,0,0,6,0,256,50,20,25.442630290985107,40.22328758239746
6747594.0,6570062.0,66010.0,110110.0,3263042.0,0.4835860011731589,1.627168,32,6,0,0,6,0,256,50,25,22.569386959075928,39.72308945655823
5036026.0,4883646.0,59642.0,92030.0,2424354.0,0.48140220086234664,1.208592,16,6,0,0,6,0,256,50,1,2.6058804988861084,34.86005473136902
5036026.0,4883646.0,59642.0,92030.0,2424354.0,0.48140220086234664,1.208592,16,6,0,0,6,0,256,50,5,5.926167011260986,35.656434774398804
5036026.0,4883646.0,59642.0,92030.0,2424354.0,0.48140220086234664,1.208592,16,6,0,0,6,0,256,50,10,10.069913387298584,35.907636642456055
5036026.0,4883646.0,59642.0,92030.0,2424354.0,0.48140220086234664,1.208592,16,6,0,0,6,0,256,50,15,20.26205039024353,39.169615268707275
5036026.0,4883646.0,59642.0,92030.0,2424354.0,0.48140220086234664,1.208592,16,6,0,0,6,0,256,50,20,28.267269134521484,35.727487087249756
5036026.0,4883646.0,59642.0,92030.0,2424354.0,0.48140220086234664,1.208592,16,6,0,0,6,0,256,50,25,28.894768476486206,35.57686805725098
7404930.0,7147398.0,84890.0,169822.0,3534978.0,0.47738169030632294,1.760832,64,12,0,12,0,0,256,50,1,4.355374097824097,59.84465789794922
7404930.0,7147398.0,84890.0,169822.0,3534978.0,0.47738169030632294,1.760832,64,12,0,12,0,0,256,50,5,9.113490104675293,52.05261278152466
7404930.0,7147398.0,84890.0,169822.0,3534978.0,0.47738169030632294,1.760832,64,12,0,12,0,0,256,50,10,15.126219749450684,50.638460874557495
7404930.0,7147398.0,84890.0,169822.0,3534978.0,0.47738169030632294,1.760832,64,12,0,12,0,0,256,50,15,30.840190649032593,56.10676026344299
7404930.0,7147398.0,84890.0,169822.0,3534978.0,0.47738169030632294,1.760832,64,12,0,12,0,0,256,50,20,43.027549505233765,51.16753959655762
7404930.0,7147398.0,84890.0,169822.0,3534978.0,0.47738169030632294,1.760832,64,12,0,12,0,0,256,50,25,38.945900440216064,50.54000377655029
4024802.0,3848294.0,66010.0,109086.0,1902146.0,0.47260610584073454,0.94672,32,12,0,12,0,0,256,50,1,4.182934999465942,50.6764874458313
4024802.0,3848294.0,66010.0,109086.0,1902146.0,0.47260610584073454,0.94672,32,12,0,12,0,0,256,50,5,9.246001958847046,42.25504446029663
4024802.0,3848294.0,66010.0,109086.0,1902146.0,0.47260610584073454,0.94672,32,12,0,12,0,0,256,50,10,15.926026344299316,41.45925831794739
4024802.0,3848294.0,66010.0,109086.0,1902146.0,0.47260610584073454,0.94672,32,12,0,12,0,0,256,50,15,35.256672859191895,44.730008363723755
4024802.0,3848294.0,66010.0,109086.0,1902146.0,0.47260610584073454,0.94672,32,12,0,12,0,0,256,50,20,43.340707302093506,41.27587938308716
4024802.0,3848294.0,66010.0,109086.0,1902146.0,0.47260610584073454,0.94672,32,12,0,12,0,0,256,50,25,39.153809785842896,40.62504577636719
3148818.0,2997462.0,59642.0,91006.0,1481250.0,0.47041461272134494,0.73704,16,12,0,12,0,0,256,50,1,4.1613078117370605,46.70545029640198
3148818.0,2997462.0,59642.0,91006.0,1481250.0,0.47041461272134494,0.73704,16,12,0,12,0,0,256,50,5,9.51791524887085,39.393662214279175
3148818.0,2997462.0,59642.0,91006.0,1481250.0,0.47041461272134494,0.73704,16,12,0,12,0,0,256,50,10,16.189826011657715,38.83268213272095
3148818.0,2997462.0,59642.0,91006.0,1481250.0,0.47041461272134494,0.73704,16,12,0,12,0,0,256,50,15,32.66911840438843,41.62836933135986
3148818.0,2997462.0,59642.0,91006.0,1481250.0,0.47041461272134494,0.73704,16,12,0,12,0,0,256,50,20,45.839035511016846,38.748305797576904
3148818.0,2997462.0,59642.0,91006.0,1481250.0,0.47041461272134494,0.73704,16,12,0,12,0,0,256,50,25,41.03054642677307,38.2430305480957
6848890.0,6613886.0,75674.0,156510.0,3270786.0,0.4775643936462697,1.629248,64,10,0,10,0,0,256,50,1,7.850054025650024,51.98485445976257
6848890.0,6613886.0,75674.0,156510.0,3270786.0,0.4775643936462697,1.629248,64,10,0,10,0,0,256,50,5,8.470862627029419,45.67860698699951
6848890.0,6613886.0,75674.0,156510.0,3270786.0,0.4775643936462697,1.629248,64,10,0,10,0,0,256,50,10,14.033765316009521,45.09110450744629
6848890.0,6613886.0,75674.0,156510.0,3270786.0,0.4775643936462697,1.629248,64,10,0,10,0,0,256,50,15,27.139068603515625,50.308876037597656
6848890.0,6613886.0,75674.0,156510.0,3270786.0,0.4775643936462697,1.629248,64,10,0,10,0,0,256,50,20,37.18073892593384,45.56415414810181
6848890.0,6613886.0,75674.0,156510.0,3270786.0,0.4775643936462697,1.629248,64,10,0,10,0,0,256,50,25,33.53958177566528,44.90884876251221
3468762.0,3314782.0,56794.0,95774.0,1637954.0,0.4722013213936269,0.815136,32,10,0,10,0,0,256,50,1,3.5401968955993652,42.90891623497009
3468762.0,3314782.0,56794.0,95774.0,1637954.0,0.4722013213936269,0.815136,32,10,0,10,0,0,256,50,5,8.029190063476562,36.51515078544617
3468762.0,3314782.0,56794.0,95774.0,1637954.0,0.4722013213936269,0.815136,32,10,0,10,0,0,256,50,10,13.369328260421753,35.81096577644348
3468762.0,3314782.0,56794.0,95774.0,1637954.0,0.4722013213936269,0.815136,32,10,0,10,0,0,256,50,15,26.924733638763428,38.60908651351929
3468762.0,3314782.0,56794.0,95774.0,1637954.0,0.4722013213936269,0.815136,32,10,0,10,0,0,256,50,20,37.14792084693909,35.736610412597656
3468762.0,3314782.0,56794.0,95774.0,1637954.0,0.4722013213936269,0.815136,32,10,0,10,0,0,256,50,25,38.38307785987854,35.094799280166626
2592778.0,2463950.0,50426.0,77694.0,1217058.0,0.46940308811629844,0.605456,16,10,0,10,0,0,256,50,1,3.5896918773651123,39.34193992614746
2592778.0,2463950.0,50426.0,77694.0,1217058.0,0.46940308811629844,0.605456,16,10,0,10,0,0,256,50,5,8.35569429397583,33.68707060813904
2592778.0,2463950.0,50426.0,77694.0,1217058.0,0.46940308811629844,0.605456,16,10,0,10,0,0,256,50,10,14.125096559524536,33.09666180610657
2592778.0,2463950.0,50426.0,77694.0,1217058.0,0.46940308811629844,0.605456,16,10,0,10,0,0,256,50,15,28.43364381790161,35.6005322933197
2592778.0,2463950.0,50426.0,77694.0,1217058.0,0.46940308811629844,0.605456,16,10,0,10,0,0,256,50,20,39.80498957633972,33.092206716537476
2592778.0,2463950.0,50426.0,77694.0,1217058.0,0.46940308811629844,0.605456,16,10,0,10,0,0,256,50,25,35.543205976486206,32.499213457107544
6292850.0,6080374.0,66458.0,143198.0,3006594.0,0.4777793845395965,1.497664,64,8,0,8,0,0,256,50,1,3.333808422088623,44.681092977523804
6292850.0,6080374.0,66458.0,143198.0,3006594.0,0.4777793845395965,1.497664,64,8,0,8,0,0,256,50,5,7.135635852813721,39.75652813911438
6292850.0,6080374.0,66458.0,143198.0,3006594.0,0.4777793845395965,1.497664,64,8,0,8,0,0,256,50,10,11.445207357406616,39.27927207946777
6292850.0,6080374.0,66458.0,143198.0,3006594.0,0.4777793845395965,1.497664,64,8,0,8,0,0,256,50,15,22.480076789855957,43.697150468826294
6292850.0,6080374.0,66458.0,143198.0,3006594.0,0.4777793845395965,1.497664,64,8,0,8,0,0,256,50,20,31.164471864700317,40.35670065879822
6292850.0,6080374.0,66458.0,143198.0,3006594.0,0.4777793845395965,1.497664,64,8,0,8,0,0,256,50,25,27.84218955039978,39.34658360481262
2912722.0,2781270.0,47578.0,82462.0,1373762.0,0.4716419898637769,0.683552,32,8,0,8,0,0,256,50,1,3.044185161590576,35.59164261817932
2912722.0,2781270.0,47578.0,82462.0,1373762.0,0.4716419898637769,0.683552,32,8,0,8,0,0,256,50,5,6.744420051574707,30.6911940574646
2912722.0,2781270.0,47578.0,82462.0,1373762.0,0.4716419898637769,0.683552,32,8,0,8,0,0,256,50,10,11.233686208724976,29.985594272613525
2912722.0,2781270.0,47578.0,82462.0,1373762.0,0.4716419898637769,0.683552,32,8,0,8,0,0,256,50,15,28.365516662597656,32.6356360912323
2912722.0,2781270.0,47578.0,82462.0,1373762.0,0.4716419898637769,0.683552,32,8,0,8,0,0,256,50,20,31.364803075790405,30.075895071029663
2912722.0,2781270.0,47578.0,82462.0,1373762.0,0.4716419898637769,0.683552,32,8,0,8,0,0,256,50,25,27.994911909103394,29.54686212539673
2036738.0,1930438.0,41210.0,64382.0,952866.0,0.46783926062164105,0.473872,16,8,0,8,0,0,256,50,1,3.1205291748046875,32.319058656692505
2036738.0,1930438.0,41210.0,64382.0,952866.0,0.46783926062164105,0.473872,16,8,0,8,0,0,256,50,5,7.111332654953003,27.69211173057556
2036738.0,1930438.0,41210.0,64382.0,952866.0,0.46783926062164105,0.473872,16,8,0,8,0,0,256,50,10,12.039420366287231,27.082700490951538
2036738.0,1930438.0,41210.0,64382.0,952866.0,0.46783926062164105,0.473872,16,8,0,8,0,0,256,50,15,24.20670175552368,29.207391023635864
2036738.0,1930438.0,41210.0,64382.0,952866.0,0.46783926062164105,0.473872,16,8,0,8,0,0,256,50,20,33.98494076728821,27.21418046951294
2036738.0,1930438.0,41210.0,64382.0,952866.0,0.46783926062164105,0.473872,16,8,0,8,0,0,256,50,25,30.06203031539917,26.735161304473877
5736810.0,5546862.0,57242.0,129886.0,2742402.0,0.4780360513944161,1.36608,64,6,0,6,0,0,256,50,1,2.5882370471954346,37.639132022857666
5736810.0,5546862.0,57242.0,129886.0,2742402.0,0.4780360513944161,1.36608,64,6,0,6,0,0,256,50,5,5.639219045639038,33.68425750732422
5736810.0,5546862.0,57242.0,129886.0,2742402.0,0.4780360513944161,1.36608,64,6,0,6,0,0,256,50,10,9.370723009109497,33.90249562263489
5736810.0,5546862.0,57242.0,129886.0,2742402.0,0.4780360513944161,1.36608,64,6,0,6,0,0,256,50,15,18.476549863815308,37.62341260910034
5736810.0,5546862.0,57242.0,129886.0,2742402.0,0.4780360513944161,1.36608,64,6,0,6,0,0,256,50,20,25.504356145858765,34.40352916717529
5736810.0,5546862.0,57242.0,129886.0,2742402.0,0.4780360513944161,1.36608,64,6,0,6,0,0,256,50,25,22.6864914894104,33.78220868110657
2356682.0,2247758.0,38362.0,69150.0,1109570.0,0.47081871885982074,0.551968,32,6,0,6,0,0,256,50,1,2.5477185249328613,28.281853914260864
2356682.0,2247758.0,38362.0,69150.0,1109570.0,0.47081871885982074,0.551968,32,6,0,6,0,0,256,50,5,5.539137363433838,24.50241494178772
2356682.0,2247758.0,38362.0,69150.0,1109570.0,0.47081871885982074,0.551968,32,6,0,6,0,0,256,50,10,14.73332953453064,24.31303906440735
2356682.0,2247758.0,38362.0,69150.0,1109570.0,0.47081871885982074,0.551968,32,6,0,6,0,0,256,50,15,18.63933300971985,26.588263750076294
2356682.0,2247758.0,38362.0,69150.0,1109570.0,0.47081871885982074,0.551968,32,6,0,6,0,0,256,50,20,25.727919816970825,24.480735301971436
2356682.0,2247758.0,38362.0,69150.0,1109570.0,0.47081871885982074,0.551968,32,6,0,6,0,0,256,50,25,22.72079300880432,23.942201614379883
1480698.0,1396926.0,31994.0,51070.0,688674.0,0.4651009186208126,0.342288,16,6,0,6,0,0,256,50,1,2.612813949584961,25.348041772842407
1480698.0,1396926.0,31994.0,51070.0,688674.0,0.4651009186208126,0.342288,16,6,0,6,0,0,256,50,5,5.843938112258911,21.32352352142334
1480698.0,1396926.0,31994.0,51070.0,688674.0,0.4651009186208126,0.342288,16,6,0,6,0,0,256,50,10,9.936362028121948,21.159656524658203
1480698.0,1396926.0,31994.0,51070.0,688674.0,0.4651009186208126,0.342288,16,6,0,6,0,0,256,50,15,20.05735182762146,22.865274906158447
1480698.0,1396926.0,31994.0,51070.0,688674.0,0.4651009186208126,0.342288,16,6,0,6,0,0,256,50,20,28.17373490333557,21.32048726081848
1480698.0,1396926.0,31994.0,51070.0,688674.0,0.4651009186208126,0.342288,16,6,0,6,0,0,256,50,25,24.92989158630371,20.87518072128296
3146626.0,2957190.0,57242.0,129374.0,1447554.0,0.4600336995880667,0.718656,64,12,12,0,0,0,256,50,1,4.314524173736572,48.752357959747314
3146626.0,2957190.0,57242.0,129374.0,1447554.0,0.4600336995880667,0.718656,64,12,12,0,0,0,256,50,5,9.315041780471802,41.00187301635742
3146626.0,2957190.0,57242.0,129374.0,1447554.0,0.4600336995880667,0.718656,64,12,12,0,0,0,256,50,10,15.233039379119873,40.021737575531006
3146626.0,2957190.0,57242.0,129374.0,1447554.0,0.4600336995880667,0.718656,64,12,12,0,0,0,256,50,15,31.51381206512451,43.69792556762695
3146626.0,2957190.0,57242.0,129374.0,1447554.0,0.4600336995880667,0.718656,64,12,12,0,0,0,256,50,20,43.71660399436951,40.40390634536743
3146626.0,2957190.0,57242.0,129374.0,1447554.0,0.4600336995880667,0.718656,64,12,12,0,0,0,256,50,25,45.59278964996338,39.64257073402405
1388514.0,1280102.0,38362.0,68638.0,625730.0,0.45064723870267065,0.310048,32,12,12,0,0,0,256,50,1,4.354313135147095,42.90304160118103
1388514.0,1280102.0,38362.0,68638.0,625730.0,0.45064723870267065,0.310048,32,12,12,0,0,0,256,50,5,9.342971801757812,34.112189531326294
1388514.0,1280102.0,38362.0,68638.0,625730.0,0.45064723870267065,0.310048,32,12,12,0,0,0,256,50,10,15.446568489074707,33.22743892669678
1388514.0,1280102.0,38362.0,68638.0,625730.0,0.45064723870267065,0.310048,32,12,12,0,0,0,256,50,15,31.547543048858643,34.9683256149292
1388514.0,1280102.0,38362.0,68638.0,625730.0,0.45064723870267065,0.310048,32,12,12,0,0,0,256,50,20,43.39208006858826,33.06164884567261
1388514.0,1280102.0,38362.0,68638.0,625730.0,0.45064723870267065,0.310048,32,12,12,0,0,0,256,50,25,39.10816955566406,32.47792434692383
930322.0,847062.0,31994.0,50558.0,413730.0,0.44471699046136715,0.204816,16,12,12,0,0,0,256,50,1,4.294670104980469,39.55252981185913
930322.0,847062.0,31994.0,50558.0,413730.0,0.44471699046136715,0.204816,16,12,12,0,0,0,256,50,5,9.609360456466675,31.143771171569824
930322.0,847062.0,31994.0,50558.0,413730.0,0.44471699046136715,0.204816,16,12,12,0,0,0,256,50,10,16.215137481689453,30.199819326400757
930322.0,847062.0,31994.0,50558.0,413730.0,0.44471699046136715,0.204816,16,12,12,0,0,0,256,50,15,32.93386697769165,31.6024067401886
930322.0,847062.0,31994.0,50558.0,413730.0,0.44471699046136715,0.204816,16,12,12,0,0,0,256,50,20,46.265981674194336,30.111323356628418
930322.0,847062.0,31994.0,50558.0,413730.0,0.44471699046136715,0.204816,16,12,12,0,0,0,256,50,25,41.22335124015808,29.703134059906006
2999674.0,2821502.0,52634.0,122718.0,1380994.0,0.4603813614412766,0.685632,64,10,10,0,0,0,256,50,1,3.616468667984009,42.57305908203125
2999674.0,2821502.0,52634.0,122718.0,1380994.0,0.4603813614412766,0.685632,64,10,10,0,0,0,256,50,5,8.195045232772827,36.32288384437561
2999674.0,2821502.0,52634.0,122718.0,1380994.0,0.4603813614412766,0.685632,64,10,10,0,0,0,256,50,10,20.231913328170776,35.47051382064819
2999674.0,2821502.0,52634.0,122718.0,1380994.0,0.4603813614412766,0.685632,64,10,10,0,0,0,256,50,15,27.341018199920654,39.18423819541931
2999674.0,2821502.0,52634.0,122718.0,1380994.0,0.4603813614412766,0.685632,64,10,10,0,0,0,256,50,20,37.267597913742065,36.09544253349304
2999674.0,2821502.0,52634.0,122718.0,1380994.0,0.4603813614412766,0.685632,64,10,10,0,0,0,256,50,25,33.408642530441284,35.27334976196289
1241562.0,1144414.0,33754.0,61982.0,559170.0,0.45037621963301067,0.277024,32,10,10,0,0,0,256,50,1,3.586247205734253,36.43006777763367
1241562.0,1144414.0,33754.0,61982.0,559170.0,0.45037621963301067,0.277024,32,10,10,0,0,0,256,50,5,8.059852123260498,29.516019582748413
1241562.0,1144414.0,33754.0,61982.0,559170.0,0.45037621963301067,0.277024,32,10,10,0,0,0,256,50,10,13.434715270996094,28.872781991958618
1241562.0,1144414.0,33754.0,61982.0,559170.0,0.45037621963301067,0.277024,32,10,10,0,0,0,256,50,15,28.331984996795654,30.40432596206665
1241562.0,1144414.0,33754.0,61982.0,559170.0,0.45037621963301067,0.277024,32,10,10,0,0,0,256,50,20,38.076860666275024,28.721137046813965
1241562.0,1144414.0,33754.0,61982.0,559170.0,0.45037621963301067,0.277024,32,10,10,0,0,0,256,50,25,33.531243085861206,28.172959089279175
783370.0,711374.0,27386.0,43902.0,347170.0,0.443175000319134,0.171792,16,10,10,0,0,0,256,50,1,3.6426870822906494,32.9270658493042
783370.0,711374.0,27386.0,43902.0,347170.0,0.443175000319134,0.171792,16,10,10,0,0,0,256,50,5,8.469089984893799,26.73325824737549
783370.0,711374.0,27386.0,43902.0,347170.0,0.443175000319134,0.171792,16,10,10,0,0,0,256,50,10,14.197599411010742,25.986138343811035
783370.0,711374.0,27386.0,43902.0,347170.0,0.443175000319134,0.171792,16,10,10,0,0,0,256,50,15,28.52377724647522,27.151456117630005
783370.0,711374.0,27386.0,43902.0,347170.0,0.443175000319134,0.171792,16,10,10,0,0,0,256,50,20,40.121140003204346,25.877814531326294
783370.0,711374.0,27386.0,43902.0,347170.0,0.443175000319134,0.171792,16,10,10,0,0,0,256,50,25,35.648189306259155,25.46730661392212
2852722.0,2685814.0,48026.0,116062.0,1314434.0,0.4607648414391588,0.652608,64,8,8,0,0,0,256,50,1,10.027059078216553,36.969199419021606
2852722.0,2685814.0,48026.0,116062.0,1314434.0,0.4607648414391588,0.652608,64,8,8,0,0,0,256,50,5,6.954060316085815,31.90537452697754
2852722.0,2685814.0,48026.0,116062.0,1314434.0,0.4607648414391588,0.652608,64,8,8,0,0,0,256,50,10,11.992916584014893,31.381362438201904
2852722.0,2685814.0,48026.0,116062.0,1314434.0,0.4607648414391588,0.652608,64,8,8,0,0,0,256,50,15,23.662055253982544,34.65550637245178
2852722.0,2685814.0,48026.0,116062.0,1314434.0,0.4607648414391588,0.652608,64,8,8,0,0,0,256,50,20,31.62018847465515,31.748146533966064
2852722.0,2685814.0,48026.0,116062.0,1314434.0,0.4607648414391588,0.652608,64,8,8,0,0,0,256,50,25,28.205175161361694,31.089677333831787
1094610.0,1008726.0,29146.0,55326.0,492610.0,0.4500324316423201,0.244,32,8,8,0,0,0,256,50,1,3.1601808071136475,30.60970187187195
1094610.0,1008726.0,29146.0,55326.0,492610.0,0.4500324316423201,0.244,32,8,8,0,0,0,256,50,5,6.903019428253174,24.99201989173889
1094610.0,1008726.0,29146.0,55326.0,492610.0,0.4500324316423201,0.244,32,8,8,0,0,0,256,50,10,11.429166555404663,24.404701709747314
1094610.0,1008726.0,29146.0,55326.0,492610.0,0.4500324316423201,0.244,32,8,8,0,0,0,256,50,15,22.903398752212524,25.880824089050293
1094610.0,1008726.0,29146.0,55326.0,492610.0,0.4500324316423201,0.244,32,8,8,0,0,0,256,50,20,31.610185384750366,24.264551639556885
1094610.0,1008726.0,29146.0,55326.0,492610.0,0.4500324316423201,0.244,32,8,8,0,0,0,256,50,25,28.15077257156372,23.88196635246277
636418.0,575686.0,22778.0,37246.0,280610.0,0.44092090418561386,0.138768,16,8,8,0,0,0,256,50,1,3.2040767669677734,26.85784363746643
636418.0,575686.0,22778.0,37246.0,280610.0,0.44092090418561386,0.138768,16,8,8,0,0,0,256,50,5,7.284508228302002,22.20124053955078
636418.0,575686.0,22778.0,37246.0,280610.0,0.44092090418561386,0.138768,16,8,8,0,0,0,256,50,10,12.12722396850586,21.665383100509644
636418.0,575686.0,22778.0,37246.0,280610.0,0.44092090418561386,0.138768,16,8,8,0,0,0,256,50,15,24.22117280960083,22.655097007751465
636418.0,575686.0,22778.0,37246.0,280610.0,0.44092090418561386,0.138768,16,8,8,0,0,0,256,50,20,34.16621112823486,21.531484842300415
636418.0,575686.0,22778.0,37246.0,280610.0,0.44092090418561386,0.138768,16,8,8,0,0,0,256,50,25,30.206870079040527,21.26567316055298
2705770.0,2550126.0,43418.0,109406.0,1247874.0,0.4611899754968087,0.619584,64,6,6,0,0,0,256,50,1,2.702227830886841,31.464596033096313
2705770.0,2550126.0,43418.0,109406.0,1247874.0,0.4611899754968087,0.619584,64,6,6,0,0,0,256,50,5,5.730381965637207,27.472267627716064
2705770.0,2550126.0,43418.0,109406.0,1247874.0,0.4611899754968087,0.619584,64,6,6,0,0,0,256,50,10,9.522460460662842,26.781121492385864
2705770.0,2550126.0,43418.0,109406.0,1247874.0,0.4611899754968087,0.619584,64,6,6,0,0,0,256,50,15,18.855323791503906,30.107829093933105
2705770.0,2550126.0,43418.0,109406.0,1247874.0,0.4611899754968087,0.619584,64,6,6,0,0,0,256,50,20,33.94091248512268,27.337743043899536
2705770.0,2550126.0,43418.0,109406.0,1247874.0,0.4611899754968087,0.619584,64,6,6,0,0,0,256,50,25,22.939744234085083,26.78888177871704
947658.0,873038.0,24538.0,48670.0,426050.0,0.4495820222063234,0.210976,32,6,6,0,0,0,256,50,1,2.6685404777526855,24.416094064712524
947658.0,873038.0,24538.0,48670.0,426050.0,0.4495820222063234,0.210976,32,6,6,0,0,0,256,50,5,5.683958053588867,20.413957595825195
947658.0,873038.0,24538.0,48670.0,426050.0,0.4495820222063234,0.210976,32,6,6,0,0,0,256,50,10,9.394144296646118,20.042323112487793
947658.0,873038.0,24538.0,48670.0,426050.0,0.4495820222063234,0.210976,32,6,6,0,0,0,256,50,15,19.03530478477478,21.271316528320312
947658.0,873038.0,24538.0,48670.0,426050.0,0.4495820222063234,0.210976,32,6,6,0,0,0,256,50,20,26.00795078277588,19.951698064804077
947658.0,873038.0,24538.0,48670.0,426050.0,0.4495820222063234,0.210976,32,6,6,0,0,0,256,50,25,23.140095710754395,19.619784355163574
489466.0,439998.0,18170.0,30590.0,214050.0,0.43731331696175013,0.105744,16,6,6,0,0,0,256,50,1,2.707547664642334,20.1369047164917
489466.0,439998.0,18170.0,30590.0,214050.0,0.43731331696175013,0.105744,16,6,6,0,0,0,256,50,5,6.068497896194458,17.736762046813965
489466.0,439998.0,18170.0,30590.0,214050.0,0.43731331696175013,0.105744,16,6,6,0,0,0,256,50,10,10.5537748336792,17.40385150909424
489466.0,439998.0,18170.0,30590.0,214050.0,0.43731331696175013,0.105744,16,6,6,0,0,0,256,50,15,21.202051877975464,18.257238149642944
489466.0,439998.0,18170.0,30590.0,214050.0,0.43731331696175013,0.105744,16,6,6,0,0,0,256,50,20,29.678070068359375,17.343060731887817
489466.0,439998.0,18170.0,30590.0,214050.0,0.43731331696175013,0.105744,16,6,6,0,0,0,256,50,25,25.19210982322693,17.155338525772095